Instance,Terminal,Layer,X location,Y location,Voltage
FILLER_42_253,VPWR,li1,122.1300,127.8400,1.799971
FILLER_42_250,VPWR,li1,120.9800,127.8400,1.799971
FILLER_42_186,VPWR,li1,91.7700,127.8400,1.799974
FILLER_42_178,VPWR,li1,87.6300,127.8400,1.799975
FILLER_42_169,VPWR,li1,83.4900,127.8400,1.799976
FILLER_42_166,VPWR,li1,82.3400,127.8400,1.799976
FILLER_42_156,VPWR,li1,77.5100,127.8400,1.799978
FILLER_42_78,VPWR,li1,41.6300,127.8400,1.799989
FILLER_42_29,VPWR,li1,19.7800,127.8400,1.799996
FILLER_42_26,VPWR,li1,17.9400,127.8400,1.799996
FILLER_42_14,VPWR,li1,14.7200,127.8400,1.799996
FILLER_42_7,VPWR,li1,8.9700,127.8400,1.799996
FILLER_42_3,VPWR,li1,7.8200,127.8400,1.799996
FILLER_41_150,VPWR,li1,74.9800,122.4000,1.799284
FILLER_41_117,VPWR,li1,59.5700,122.4000,1.799398
FILLER_41_57,VPWR,li1,31.9700,122.4000,1.799688
FILLER_40_253,VPWR,li1,122.1300,122.4000,1.799142
FILLER_40_177,VPWR,li1,87.4000,122.4000,1.799219
FILLER_40_166,VPWR,li1,82.5700,122.4000,1.799241
FILLER_40_139,VPWR,li1,69.6900,122.4000,1.799325
FILLER_40_82,VPWR,li1,43.7000,122.4000,1.799548
FILLER_40_44,VPWR,li1,25.9900,122.4000,1.799760
FILLER_40_36,VPWR,li1,23.9200,122.4000,1.799793
FILLER_40_19,VPWR,li1,14.4900,122.4000,1.799821
FILLER_39_252,VPWR,li1,121.9000,116.9600,1.799677
FILLER_39_235,VPWR,li1,113.8500,116.9600,1.799680
FILLER_39_185,VPWR,li1,90.8500,116.9600,1.799712
FILLER_39_124,VPWR,li1,63.2500,116.9600,1.799788
FILLER_39_111,VPWR,li1,56.8100,116.9600,1.799803
FILLER_39_74,VPWR,li1,40.2500,116.9600,1.799871
FILLER_39_65,VPWR,li1,35.8800,116.9600,1.799893
FILLER_39_23,VPWR,li1,16.7900,116.9600,1.799955
FILLER_39_3,VPWR,li1,7.8200,116.9600,1.799955
FILLER_38_253,VPWR,li1,122.1300,116.9600,1.799677
FILLER_38_194,VPWR,li1,95.2200,116.9600,1.799706
FILLER_38_189,VPWR,li1,92.6900,116.9600,1.799709
FILLER_38_183,VPWR,li1,90.1600,116.9600,1.799715
FILLER_38_172,VPWR,li1,85.1000,116.9600,1.799723
FILLER_38_153,VPWR,li1,76.5900,116.9600,1.799751
FILLER_38_144,VPWR,li1,73.1400,116.9600,1.799756
FILLER_38_139,VPWR,li1,69.6900,116.9600,1.799769
FILLER_38_135,VPWR,li1,68.5400,116.9600,1.799769
FILLER_38_89,VPWR,li1,46.6900,116.9600,1.799847
FILLER_38_85,VPWR,li1,45.5400,116.9600,1.799847
FILLER_38_83,VPWR,li1,43.9300,116.9600,1.799855
FILLER_38_71,VPWR,li1,39.1000,116.9600,1.799881
FILLER_38_59,VPWR,li1,35.4200,116.9600,1.799893
FILLER_38_41,VPWR,li1,24.8400,116.9600,1.799945
FILLER_38_29,VPWR,li1,19.5500,116.9600,1.799955
FILLER_37_249,VPWR,li1,120.2900,111.5200,1.799382
FILLER_37_207,VPWR,li1,100.9700,111.5200,1.799385
FILLER_37_182,VPWR,li1,89.4700,111.5200,1.799411
FILLER_37_169,VPWR,li1,83.4900,111.5200,1.799427
FILLER_37_167,VPWR,li1,82.5700,111.5200,1.799436
FILLER_37_158,VPWR,li1,79.1200,111.5200,1.799447
FILLER_37_146,VPWR,li1,75.4400,111.5200,1.799461
FILLER_37_129,VPWR,li1,65.0900,111.5200,1.799518
FILLER_37_100,VPWR,li1,54.2800,111.5200,1.799582
FILLER_37_94,VPWR,li1,49.2200,111.5200,1.799628
FILLER_37_90,VPWR,li1,47.1500,111.5200,1.799649
FILLER_37_65,VPWR,li1,35.6500,111.5200,1.799732
FILLER_37_57,VPWR,li1,33.5800,111.5200,1.799756
FILLER_37_54,VPWR,li1,30.8200,111.5200,1.799781
FILLER_37_26,VPWR,li1,20.2400,111.5200,1.799893
FILLER_36_253,VPWR,li1,122.1300,111.5200,1.799381
FILLER_36_250,VPWR,li1,120.9800,111.5200,1.799382
FILLER_36_210,VPWR,li1,102.5800,111.5200,1.799385
FILLER_36_205,VPWR,li1,100.0500,111.5200,1.799386
FILLER_36_194,VPWR,li1,95.2200,111.5200,1.799391
FILLER_36_178,VPWR,li1,87.8600,111.5200,1.799416
FILLER_36_161,VPWR,li1,79.8100,111.5200,1.799447
FILLER_36_153,VPWR,li1,76.8200,111.5200,1.799461
FILLER_36_141,VPWR,li1,73.1400,111.5200,1.799471
FILLER_36_137,VPWR,li1,69.2300,111.5200,1.799490
FILLER_36_129,VPWR,li1,66.7000,111.5200,1.799502
FILLER_36_111,VPWR,li1,56.8100,111.5200,1.799564
FILLER_36_105,VPWR,li1,55.2000,111.5200,1.799582
FILLER_36_85,VPWR,li1,45.5400,111.5200,1.799649
FILLER_36_80,VPWR,li1,43.2400,111.5200,1.799667
FILLER_36_63,VPWR,li1,34.7300,111.5200,1.799756
FILLER_36_53,VPWR,li1,30.8200,111.5200,1.799781
FILLER_36_41,VPWR,li1,27.1400,111.5200,1.799820
FILLER_36_29,VPWR,li1,21.6200,111.5200,1.799893
FILLER_36_27,VPWR,li1,18.1700,111.5200,1.799893
FILLER_36_21,VPWR,li1,16.5600,111.5200,1.799893
FILLER_36_15,VPWR,li1,12.6500,111.5200,1.799893
FILLER_36_7,VPWR,li1,10.5800,111.5200,1.799893
FILLER_35_230,VPWR,li1,111.5500,106.0800,1.797963
FILLER_35_219,VPWR,li1,106.4900,106.0800,1.797964
FILLER_35_165,VPWR,li1,82.1100,106.0800,1.798094
FILLER_35_131,VPWR,li1,66.0100,106.0800,1.798387
FILLER_35_125,VPWR,li1,63.2500,106.0800,1.798442
FILLER_35_46,VPWR,li1,28.0600,106.0800,1.799455
FILLER_35_41,VPWR,li1,24.6100,106.0800,1.799522
FILLER_35_35,VPWR,li1,23.0000,106.0800,1.799622
FILLER_35_26,VPWR,li1,18.1700,106.0800,1.799617
FILLER_35_18,VPWR,li1,15.6400,106.0800,1.799614
FILLER_35_11,VPWR,li1,11.0400,106.0800,1.799606
FILLER_34_253,VPWR,li1,122.1300,106.0800,1.797962
FILLER_34_197,VPWR,li1,96.6000,106.0800,1.797967
FILLER_34_195,VPWR,li1,95.4500,106.0800,1.797984
FILLER_34_181,VPWR,li1,89.0100,106.0800,1.798042
FILLER_34_145,VPWR,li1,72.6800,106.0800,1.798258
FILLER_34_139,VPWR,li1,69.6900,106.0800,1.798313
FILLER_34_127,VPWR,li1,64.8600,106.0800,1.798442
FILLER_34_110,VPWR,li1,56.8100,106.0800,1.798570
FILLER_34_89,VPWR,li1,46.6900,106.0800,1.798811
FILLER_34_85,VPWR,li1,45.5400,106.0800,1.798874
FILLER_34_45,VPWR,li1,26.4500,106.0800,1.799455
FILLER_34_29,VPWR,li1,19.0900,106.0800,1.799617
FILLER_34_27,VPWR,li1,18.1700,106.0800,1.799617
FILLER_33_169,VPWR,li1,83.4900,100.6400,1.799806
FILLER_33_138,VPWR,li1,69.9200,100.6400,1.799836
FILLER_33_113,VPWR,li1,58.4200,100.6400,1.799860
FILLER_33_96,VPWR,li1,50.1400,100.6400,1.799881
FILLER_33_80,VPWR,li1,42.5500,100.6400,1.799901
FILLER_33_50,VPWR,li1,28.7500,100.6400,1.799935
FILLER_33_31,VPWR,li1,20.2400,100.6400,1.799958
FILLER_33_19,VPWR,li1,14.4900,100.6400,1.799951
FILLER_32_253,VPWR,li1,122.1300,100.6400,1.799768
FILLER_32_187,VPWR,li1,92.9200,100.6400,1.799788
FILLER_32_178,VPWR,li1,88.0900,100.6400,1.799797
FILLER_32_83,VPWR,li1,43.9300,100.6400,1.799895
FILLER_32_75,VPWR,li1,41.8600,100.6400,1.799901
FILLER_32_56,VPWR,li1,31.7400,100.6400,1.799927
FILLER_32_44,VPWR,li1,28.5200,100.6400,1.799940
FILLER_32_29,VPWR,li1,19.5500,100.6400,1.799955
FILLER_32_27,VPWR,li1,18.1700,100.6400,1.799955
FILLER_32_7,VPWR,li1,9.6600,100.6400,1.799945
FILLER_31_252,VPWR,li1,121.9000,95.2000,1.799678
FILLER_31_232,VPWR,li1,112.4700,95.2000,1.799684
FILLER_31_211,VPWR,li1,103.5000,95.2000,1.799697
FILLER_31_205,VPWR,li1,100.5100,95.2000,1.799706
FILLER_31_193,VPWR,li1,97.0600,95.2000,1.799719
FILLER_31_181,VPWR,li1,91.5400,95.2000,1.799731
FILLER_31_169,VPWR,li1,86.0200,95.2000,1.799747
FILLER_31_166,VPWR,li1,82.3400,95.2000,1.799758
FILLER_31_158,VPWR,li1,80.0400,95.2000,1.799764
FILLER_31_148,VPWR,li1,74.5200,95.2000,1.799780
FILLER_31_139,VPWR,li1,69.9200,95.2000,1.799798
FILLER_31_130,VPWR,li1,65.7800,95.2000,1.799806
FILLER_31_118,VPWR,li1,62.5600,95.2000,1.799818
FILLER_31_111,VPWR,li1,56.8100,95.2000,1.799835
FILLER_31_86,VPWR,li1,45.7700,95.2000,1.799871
FILLER_31_78,VPWR,li1,43.2400,95.2000,1.799880
FILLER_31_66,VPWR,li1,38.6400,95.2000,1.799901
FILLER_31_57,VPWR,li1,33.1200,95.2000,1.799916
FILLER_31_52,VPWR,li1,30.3600,95.2000,1.799926
FILLER_31_40,VPWR,li1,26.6800,95.2000,1.799939
FILLER_31_15,VPWR,li1,14.2600,95.2000,1.799963
FILLER_31_3,VPWR,li1,9.6600,95.2000,1.799963
FILLER_30_253,VPWR,li1,122.1300,95.2000,1.799678
FILLER_30_231,VPWR,li1,112.0100,95.2000,1.799684
FILLER_30_205,VPWR,li1,100.2800,95.2000,1.799706
FILLER_30_197,VPWR,li1,97.9800,95.2000,1.799713
FILLER_30_195,VPWR,li1,95.4500,95.2000,1.799725
FILLER_30_189,VPWR,li1,93.8400,95.2000,1.799725
FILLER_30_177,VPWR,li1,89.7000,95.2000,1.799737
FILLER_30_165,VPWR,li1,84.1800,95.2000,1.799752
FILLER_30_153,VPWR,li1,78.6600,95.2000,1.799771
FILLER_30_141,VPWR,li1,73.1400,95.2000,1.799787
FILLER_30_138,VPWR,li1,69.4600,95.2000,1.799798
FILLER_30_134,VPWR,li1,67.3900,95.2000,1.799806
FILLER_30_130,VPWR,li1,66.2400,95.2000,1.799806
FILLER_30_122,VPWR,li1,62.1000,95.2000,1.799818
FILLER_30_110,VPWR,li1,58.8800,95.2000,1.799829
FILLER_30_104,VPWR,li1,54.0500,95.2000,1.799844
FILLER_30_96,VPWR,li1,51.5200,95.2000,1.799852
FILLER_30_81,VPWR,li1,43.4700,95.2000,1.799880
FILLER_30_73,VPWR,li1,40.9400,95.2000,1.799888
FILLER_30_63,VPWR,li1,34.9600,95.2000,1.799909
FILLER_30_53,VPWR,li1,30.5900,95.2000,1.799926
FILLER_30_41,VPWR,li1,27.1400,95.2000,1.799939
FILLER_30_29,VPWR,li1,21.6200,95.2000,1.799963
FILLER_30_27,VPWR,li1,18.1700,95.2000,1.799963
FILLER_30_15,VPWR,li1,15.1800,95.2000,1.799963
FILLER_30_3,VPWR,li1,9.6600,95.2000,1.799963
FILLER_29_252,VPWR,li1,121.9000,89.7600,1.798306
FILLER_29_232,VPWR,li1,112.9300,89.7600,1.798313
FILLER_29_218,VPWR,li1,107.1800,89.7600,1.798323
FILLER_29_185,VPWR,li1,92.0000,89.7600,1.798462
FILLER_29_143,VPWR,li1,71.5300,89.7600,1.798727
FILLER_29_113,VPWR,li1,57.9600,89.7600,1.798957
FILLER_29_108,VPWR,li1,56.1200,89.7600,1.799004
FILLER_29_96,VPWR,li1,52.4400,89.7600,1.799046
FILLER_29_57,VPWR,li1,31.9700,89.7600,1.799509
FILLER_29_46,VPWR,li1,28.0600,89.7600,1.799565
FILLER_29_26,VPWR,li1,17.9400,89.7600,1.799719
FILLER_29_18,VPWR,li1,15.6400,89.7600,1.799716
FILLER_29_7,VPWR,li1,8.9700,89.7600,1.799707
FILLER_28_253,VPWR,li1,122.1300,89.7600,1.798306
FILLER_28_231,VPWR,li1,112.0100,89.7600,1.798316
FILLER_28_205,VPWR,li1,100.2800,89.7600,1.798378
FILLER_28_194,VPWR,li1,95.2200,89.7600,1.798428
FILLER_28_160,VPWR,li1,79.8100,89.7600,1.798611
FILLER_28_138,VPWR,li1,69.4600,89.7600,1.798758
FILLER_28_106,VPWR,li1,54.7400,89.7600,1.799004
FILLER_28_85,VPWR,li1,44.8500,89.7600,1.799226
FILLER_28_82,VPWR,li1,43.7000,89.7600,1.799226
FILLER_28_74,VPWR,li1,41.4000,89.7600,1.799265
FILLER_28_45,VPWR,li1,26.6800,89.7600,1.799626
FILLER_28_19,VPWR,li1,15.1800,89.7600,1.799716
FILLER_27_253,VPWR,li1,122.1300,84.3200,1.797707
FILLER_27_200,VPWR,li1,98.4400,84.3200,1.797759
FILLER_27_177,VPWR,li1,87.1700,84.3200,1.797886
FILLER_27_173,VPWR,li1,86.0200,84.3200,1.797886
FILLER_27_90,VPWR,li1,47.3800,84.3200,1.798705
FILLER_27_75,VPWR,li1,40.4800,84.3200,1.798886
FILLER_27_53,VPWR,li1,30.5900,84.3200,1.799206
FILLER_27_45,VPWR,li1,26.4500,84.3200,1.799374
FILLER_27_24,VPWR,li1,18.4000,84.3200,1.799564
FILLER_26_253,VPWR,li1,122.1300,84.3200,1.797707
FILLER_26_224,VPWR,li1,108.7900,84.3200,1.797713
FILLER_26_197,VPWR,li1,96.8300,84.3200,1.797782
FILLER_26_164,VPWR,li1,81.4200,84.3200,1.797940
FILLER_26_85,VPWR,li1,45.0800,84.3200,1.798792
FILLER_26_70,VPWR,li1,37.9500,84.3200,1.798966
FILLER_26_41,VPWR,li1,24.6100,84.3200,1.799449
FILLER_26_29,VPWR,li1,21.6200,84.3200,1.799572
FILLER_26_27,VPWR,li1,18.1700,84.3200,1.799564
FILLER_26_23,VPWR,li1,17.0200,84.3200,1.799564
FILLER_26_11,VPWR,li1,11.5000,84.3200,1.799556
FILLER_25_251,VPWR,li1,121.6700,78.8800,1.797590
FILLER_25_230,VPWR,li1,111.5500,78.8800,1.797604
FILLER_25_189,VPWR,li1,93.3800,78.8800,1.797731
FILLER_25_169,VPWR,li1,83.4900,78.8800,1.797870
FILLER_25_120,VPWR,li1,61.1800,78.8800,1.798234
FILLER_25_103,VPWR,li1,53.5900,78.8800,1.798412
FILLER_25_81,VPWR,li1,43.2400,78.8800,1.798671
FILLER_25_54,VPWR,li1,30.8200,78.8800,1.799095
FILLER_25_50,VPWR,li1,28.7500,78.8800,1.799185
FILLER_25_46,VPWR,li1,27.6000,78.8800,1.799306
FILLER_25_39,VPWR,li1,24.3800,78.8800,1.799448
FILLER_25_20,VPWR,li1,14.9500,78.8800,1.799527
FILLER_25_14,VPWR,li1,13.3400,78.8800,1.799527
FILLER_24_253,VPWR,li1,122.1300,78.8800,1.797590
FILLER_24_197,VPWR,li1,96.8300,78.8800,1.797699
FILLER_24_192,VPWR,li1,94.7600,78.8800,1.797731
FILLER_24_150,VPWR,li1,74.9800,78.8800,1.797986
FILLER_24_122,VPWR,li1,61.8700,78.8800,1.798234
FILLER_24_97,VPWR,li1,50.8300,78.8800,1.798453
FILLER_24_83,VPWR,li1,43.9300,78.8800,1.798671
FILLER_24_72,VPWR,li1,38.8700,78.8800,1.798815
FILLER_24_66,VPWR,li1,36.1100,78.8800,1.798907
FILLER_24_44,VPWR,li1,26.2200,78.8800,1.799306
FILLER_24_19,VPWR,li1,14.7200,78.8800,1.799527
FILLER_23_253,VPWR,li1,122.1300,73.4400,1.798906
FILLER_23_194,VPWR,li1,95.2200,73.4400,1.798958
FILLER_23_140,VPWR,li1,70.1500,73.4400,1.799106
FILLER_23_111,VPWR,li1,56.8100,73.4400,1.799262
FILLER_23_99,VPWR,li1,53.8200,73.4400,1.799309
FILLER_23_74,VPWR,li1,42.3200,73.4400,1.799453
FILLER_23_54,VPWR,li1,30.8200,73.4400,1.799646
FILLER_23_41,VPWR,li1,24.6100,73.4400,1.799747
FILLER_23_33,VPWR,li1,22.5400,73.4400,1.799801
FILLER_23_19,VPWR,li1,14.4900,73.4400,1.799790
FILLER_22_253,VPWR,li1,122.1300,73.4400,1.798906
FILLER_22_247,VPWR,li1,119.3700,73.4400,1.798906
FILLER_22_241,VPWR,li1,117.7600,73.4400,1.798906
FILLER_22_228,VPWR,li1,110.8600,73.4400,1.798917
FILLER_22_206,VPWR,li1,100.5100,73.4400,1.798941
FILLER_22_197,VPWR,li1,96.6000,73.4400,1.798952
FILLER_22_195,VPWR,li1,95.4500,73.4400,1.798958
FILLER_22_158,VPWR,li1,78.4300,73.4400,1.799042
FILLER_22_154,VPWR,li1,77.2800,73.4400,1.799042
FILLER_22_139,VPWR,li1,69.6900,73.4400,1.799106
FILLER_22_108,VPWR,li1,55.8900,73.4400,1.799262
FILLER_22_96,VPWR,li1,52.4400,73.4400,1.799309
FILLER_22_89,VPWR,li1,46.6900,73.4400,1.799388
FILLER_22_81,VPWR,li1,43.4700,73.4400,1.799453
FILLER_22_75,VPWR,li1,40.4800,73.4400,1.799481
FILLER_22_67,VPWR,li1,38.1800,73.4400,1.799517
FILLER_22_29,VPWR,li1,21.6200,73.4400,1.799801
FILLER_22_25,VPWR,li1,17.7100,73.4400,1.799795
FILLER_22_17,VPWR,li1,15.1800,73.4400,1.799790
FILLER_22_13,VPWR,li1,11.7300,73.4400,1.799786
FILLER_22_7,VPWR,li1,8.9700,73.4400,1.799782
FILLER_21_248,VPWR,li1,120.0600,68.0000,1.799092
FILLER_21_203,VPWR,li1,99.8200,68.0000,1.799144
FILLER_21_191,VPWR,li1,96.1400,68.0000,1.799155
FILLER_21_161,VPWR,li1,80.5000,68.0000,1.799210
FILLER_21_116,VPWR,li1,59.3400,68.0000,1.799347
FILLER_21_110,VPWR,li1,56.5800,68.0000,1.799374
FILLER_21_98,VPWR,li1,51.2900,68.0000,1.799433
FILLER_21_86,VPWR,li1,46.9200,68.0000,1.799484
FILLER_21_75,VPWR,li1,40.2500,68.0000,1.799570
FILLER_21_63,VPWR,li1,37.2600,68.0000,1.799620
FILLER_21_54,VPWR,li1,30.8200,68.0000,1.799690
FILLER_21_46,VPWR,li1,27.1400,68.0000,1.799740
FILLER_21_38,VPWR,li1,24.8400,68.0000,1.799771
FILLER_21_28,VPWR,li1,19.3200,68.0000,1.799827
FILLER_21_15,VPWR,li1,13.3400,68.0000,1.799817
FILLER_21_7,VPWR,li1,9.2000,68.0000,1.799814
FILLER_20_253,VPWR,li1,122.1300,68.0000,1.799092
FILLER_20_209,VPWR,li1,102.1200,68.0000,1.799134
FILLER_20_197,VPWR,li1,98.9000,68.0000,1.799144
FILLER_20_194,VPWR,li1,95.2200,68.0000,1.799155
FILLER_20_174,VPWR,li1,86.9400,68.0000,1.799189
FILLER_20_167,VPWR,li1,82.8000,68.0000,1.799200
FILLER_20_83,VPWR,li1,43.9300,68.0000,1.799521
FILLER_20_65,VPWR,li1,36.1100,68.0000,1.799620
FILLER_20_57,VPWR,li1,33.5800,68.0000,1.799659
FILLER_20_25,VPWR,li1,17.7100,68.0000,1.799827
FILLER_19_245,VPWR,li1,118.4500,62.5600,1.799324
FILLER_19_237,VPWR,li1,116.3800,62.5600,1.799324
FILLER_19_221,VPWR,li1,107.8700,62.5600,1.799337
FILLER_19_205,VPWR,li1,100.0500,62.5600,1.799355
FILLER_19_201,VPWR,li1,98.9000,62.5600,1.799355
FILLER_19_164,VPWR,li1,81.8800,62.5600,1.799398
FILLER_19_118,VPWR,li1,60.0300,62.5600,1.799518
FILLER_19_89,VPWR,li1,47.8400,62.5600,1.799606
FILLER_19_83,VPWR,li1,44.1600,62.5600,1.799643
FILLER_19_75,VPWR,li1,41.8600,62.5600,1.799663
FILLER_19_65,VPWR,li1,36.8000,62.5600,1.799712
FILLER_19_34,VPWR,li1,21.6200,62.5600,1.799873
FILLER_18_253,VPWR,li1,122.1300,62.5600,1.799323
FILLER_18_235,VPWR,li1,113.8500,62.5600,1.799330
FILLER_18_228,VPWR,li1,110.8600,62.5600,1.799333
FILLER_18_167,VPWR,li1,83.0300,62.5600,1.799398
FILLER_18_152,VPWR,li1,75.6700,62.5600,1.799427
FILLER_18_138,VPWR,li1,69.4600,62.5600,1.799453
FILLER_18_121,VPWR,li1,61.4100,62.5600,1.799505
FILLER_18_85,VPWR,li1,44.8500,62.5600,1.799643
FILLER_18_83,VPWR,li1,43.9300,62.5600,1.799643
FILLER_18_75,VPWR,li1,41.8600,62.5600,1.799663
FILLER_18_63,VPWR,li1,37.2600,62.5600,1.799712
FILLER_18_51,VPWR,li1,31.7400,62.5600,1.799765
FILLER_17_253,VPWR,li1,122.1300,57.1200,1.799172
FILLER_17_229,VPWR,li1,111.0900,57.1200,1.799191
FILLER_17_225,VPWR,li1,109.9400,57.1200,1.799191
FILLER_17_221,VPWR,li1,107.8700,57.1200,1.799197
FILLER_17_211,VPWR,li1,103.2700,57.1200,1.799211
FILLER_17_203,VPWR,li1,100.7400,57.1200,1.799218
FILLER_17_185,VPWR,li1,90.8500,57.1200,1.799249
FILLER_17_129,VPWR,li1,65.0900,57.1200,1.799383
FILLER_17_120,VPWR,li1,61.1800,57.1200,1.799415
FILLER_17_99,VPWR,li1,51.2900,57.1200,1.799510
FILLER_17_91,VPWR,li1,49.2200,57.1200,1.799536
FILLER_17_57,VPWR,li1,34.5000,57.1200,1.799707
FILLER_17_55,VPWR,li1,31.0500,57.1200,1.799735
FILLER_17_42,VPWR,li1,25.0700,57.1200,1.799808
FILLER_17_34,VPWR,li1,23.0000,57.1200,1.799834
FILLER_17_3,VPWR,li1,7.1300,57.1200,1.799851
FILLER_16_253,VPWR,li1,122.1300,57.1200,1.799172
FILLER_16_229,VPWR,li1,111.3200,57.1200,1.799191
FILLER_16_221,VPWR,li1,109.0200,57.1200,1.799197
FILLER_16_209,VPWR,li1,103.0400,57.1200,1.799211
FILLER_16_197,VPWR,li1,98.9000,57.1200,1.799223
FILLER_16_193,VPWR,li1,94.9900,57.1200,1.799241
FILLER_16_186,VPWR,li1,91.7700,57.1200,1.799249
FILLER_16_169,VPWR,li1,83.4900,57.1200,1.799282
FILLER_16_139,VPWR,li1,69.6900,57.1200,1.799351
FILLER_16_113,VPWR,li1,57.9600,57.1200,1.799444
FILLER_16_93,VPWR,li1,48.5300,57.1200,1.799536
FILLER_16_85,VPWR,li1,46.4600,57.1200,1.799570
FILLER_16_78,VPWR,li1,42.7800,57.1200,1.799598
FILLER_16_62,VPWR,li1,36.8000,57.1200,1.799666
FILLER_16_27,VPWR,li1,18.1700,57.1200,1.799858
FILLER_15_244,VPWR,li1,118.2200,51.6800,1.799212
FILLER_15_232,VPWR,li1,115.0000,51.6800,1.799213
FILLER_15_206,VPWR,li1,100.7400,51.6800,1.799228
FILLER_15_194,VPWR,li1,97.5200,51.6800,1.799233
FILLER_15_167,VPWR,li1,82.5700,51.6800,1.799292
FILLER_15_125,VPWR,li1,63.2500,51.6800,1.799415
FILLER_15_88,VPWR,li1,46.6900,51.6800,1.799571
FILLER_15_65,VPWR,li1,35.6500,51.6800,1.799692
FILLER_15_57,VPWR,li1,33.5800,51.6800,1.799715
FILLER_15_40,VPWR,li1,24.1500,51.6800,1.799843
FILLER_15_12,VPWR,li1,11.2700,51.6800,1.799860
FILLER_15_7,VPWR,li1,9.2000,51.6800,1.799859
FILLER_14_253,VPWR,li1,122.1300,51.6800,1.799210
FILLER_14_245,VPWR,li1,118.9100,51.6800,1.799211
FILLER_14_234,VPWR,li1,113.3900,51.6800,1.799213
FILLER_14_207,VPWR,li1,102.1200,51.6800,1.799228
FILLER_14_195,VPWR,li1,95.4500,51.6800,1.799239
FILLER_14_191,VPWR,li1,94.3000,51.6800,1.799245
FILLER_14_154,VPWR,li1,77.0500,51.6800,1.799318
FILLER_14_85,VPWR,li1,44.8500,51.6800,1.799590
FILLER_14_78,VPWR,li1,41.6300,51.6800,1.799640
FILLER_14_70,VPWR,li1,38.4100,51.6800,1.799661
FILLER_14_62,VPWR,li1,35.8800,51.6800,1.799692
FILLER_14_40,VPWR,li1,24.1500,51.6800,1.799843
FILLER_14_27,VPWR,li1,18.1700,51.6800,1.799863
FILLER_13_253,VPWR,li1,122.1300,46.2400,1.799175
FILLER_13_235,VPWR,li1,114.0800,46.2400,1.799185
FILLER_13_223,VPWR,li1,108.3300,46.2400,1.799198
FILLER_13_215,VPWR,li1,106.2600,46.2400,1.799204
FILLER_13_210,VPWR,li1,102.5800,46.2400,1.799218
FILLER_13_193,VPWR,li1,95.2200,46.2400,1.799245
FILLER_13_169,VPWR,li1,83.7200,46.2400,1.799307
FILLER_13_162,VPWR,li1,80.2700,46.2400,1.799325
FILLER_13_150,VPWR,li1,77.2800,46.2400,1.799357
FILLER_13_142,VPWR,li1,71.0700,46.2400,1.799401
FILLER_13_138,VPWR,li1,69.9200,46.2400,1.799401
FILLER_13_63,VPWR,li1,35.1900,46.2400,1.799727
FILLER_13_48,VPWR,li1,27.8300,46.2400,1.799790
FILLER_13_23,VPWR,li1,16.3300,46.2400,1.799848
FILLER_12_253,VPWR,li1,122.1300,46.2400,1.799175
FILLER_12_233,VPWR,li1,113.3900,46.2400,1.799185
FILLER_12_222,VPWR,li1,108.5600,46.2400,1.799198
FILLER_12_201,VPWR,li1,98.2100,46.2400,1.799234
FILLER_12_175,VPWR,li1,86.4800,46.2400,1.799286
FILLER_12_158,VPWR,li1,78.4300,46.2400,1.799338
FILLER_12_154,VPWR,li1,77.2800,46.2400,1.799357
FILLER_12_138,VPWR,li1,69.4600,46.2400,1.799401
FILLER_12_77,VPWR,li1,41.1700,46.2400,1.799662
FILLER_12_29,VPWR,li1,19.3200,46.2400,1.799855
FILLER_11_253,VPWR,li1,122.1300,40.8000,1.799279
FILLER_11_235,VPWR,li1,114.0800,40.8000,1.799286
FILLER_11_229,VPWR,li1,111.5500,40.8000,1.799291
FILLER_11_218,VPWR,li1,107.1800,40.8000,1.799298
FILLER_11_205,VPWR,li1,101.2000,40.8000,1.799311
FILLER_11_169,VPWR,li1,83.9500,40.8000,1.799373
FILLER_11_167,VPWR,li1,82.5700,40.8000,1.799373
FILLER_11_66,VPWR,li1,36.1100,40.8000,1.799715
FILLER_11_37,VPWR,li1,22.7700,40.8000,1.799844
FILLER_11_3,VPWR,li1,7.3600,40.8000,1.799858
FILLER_10_253,VPWR,li1,122.1300,40.8000,1.799279
FILLER_10_247,VPWR,li1,119.6000,40.8000,1.799279
FILLER_10_239,VPWR,li1,115.6900,40.8000,1.799284
FILLER_10_235,VPWR,li1,114.5400,40.8000,1.799284
FILLER_10_218,VPWR,li1,106.2600,40.8000,1.799298
FILLER_10_209,VPWR,li1,102.1200,40.8000,1.799311
FILLER_10_195,VPWR,li1,95.4500,40.8000,1.799329
FILLER_10_191,VPWR,li1,94.3000,40.8000,1.799329
FILLER_10_158,VPWR,li1,78.4300,40.8000,1.799393
FILLER_10_131,VPWR,li1,66.0100,40.8000,1.799466
FILLER_10_108,VPWR,li1,55.6600,40.8000,1.799534
FILLER_10_90,VPWR,li1,47.1500,40.8000,1.799612
FILLER_9_250,VPWR,li1,120.7500,35.3600,1.799440
FILLER_9_242,VPWR,li1,118.6800,35.3600,1.799440
FILLER_9_225,VPWR,li1,109.2500,35.3600,1.799447
FILLER_9_217,VPWR,li1,105.5700,35.3600,1.799450
FILLER_9_167,VPWR,li1,82.5700,35.3600,1.799505
FILLER_9_141,VPWR,li1,70.6100,35.3600,1.799559
FILLER_9_101,VPWR,li1,52.2100,35.3600,1.799658
FILLER_8_253,VPWR,li1,122.1300,35.3600,1.799440
FILLER_8_246,VPWR,li1,120.0600,35.3600,1.799440
FILLER_8_217,VPWR,li1,105.5700,35.3600,1.799450
FILLER_8_192,VPWR,li1,94.7600,35.3600,1.799474
FILLER_8_151,VPWR,li1,75.4400,35.3600,1.799539
FILLER_8_139,VPWR,li1,69.6900,35.3600,1.799568
FILLER_8_126,VPWR,li1,63.7100,35.3600,1.799595
FILLER_8_3,VPWR,li1,7.1300,35.3600,1.799885
FILLER_7_251,VPWR,li1,121.6700,29.9200,1.799303
FILLER_7_212,VPWR,li1,103.2700,29.9200,1.799313
FILLER_7_192,VPWR,li1,94.0700,29.9200,1.799332
FILLER_7_188,VPWR,li1,92.9200,29.9200,1.799332
FILLER_7_169,VPWR,li1,83.7200,29.9200,1.799363
FILLER_7_135,VPWR,li1,68.0800,29.9200,1.799438
FILLER_7_57,VPWR,li1,31.9700,29.9200,1.799750
FILLER_6_253,VPWR,li1,122.1300,29.9200,1.799303
FILLER_6_251,VPWR,li1,121.2100,29.9200,1.799303
FILLER_6_239,VPWR,li1,118.2200,29.9200,1.799303
FILLER_6_209,VPWR,li1,103.0400,29.9200,1.799313
FILLER_6_194,VPWR,li1,95.2200,29.9200,1.799326
FILLER_6_188,VPWR,li1,92.2300,29.9200,1.799338
FILLER_6_173,VPWR,li1,85.3300,29.9200,1.799355
FILLER_6_139,VPWR,li1,69.6900,29.9200,1.799427
FILLER_6_106,VPWR,li1,54.7400,29.9200,1.799530
FILLER_6_92,VPWR,li1,48.0700,29.9200,1.799586
FILLER_6_39,VPWR,li1,23.6900,29.9200,1.799836
FILLER_6_3,VPWR,li1,7.1300,29.9200,1.799846
FILLER_5_252,VPWR,li1,121.9000,24.4800,1.799483
FILLER_5_247,VPWR,li1,119.3700,24.4800,1.799483
FILLER_5_239,VPWR,li1,117.3000,24.4800,1.799483
FILLER_5_225,VPWR,li1,109.4800,24.4800,1.799488
FILLER_5_220,VPWR,li1,107.6400,24.4800,1.799490
FILLER_5_208,VPWR,li1,103.9600,24.4800,1.799496
FILLER_5_185,VPWR,li1,90.8500,24.4800,1.799514
FILLER_5_166,VPWR,li1,82.3400,24.4800,1.799536
FILLER_5_57,VPWR,li1,31.9700,24.4800,1.799816
FILLER_4_253,VPWR,li1,122.1300,24.4800,1.799483
FILLER_4_251,VPWR,li1,121.2100,24.4800,1.799483
FILLER_4_221,VPWR,li1,107.4100,24.4800,1.799490
FILLER_4_215,VPWR,li1,104.8800,24.4800,1.799493
FILLER_4_195,VPWR,li1,95.4500,24.4800,1.799507
FILLER_4_181,VPWR,li1,89.0100,24.4800,1.799518
FILLER_4_149,VPWR,li1,74.2900,24.4800,1.799564
FILLER_4_122,VPWR,li1,62.1000,24.4800,1.799617
FILLER_4_83,VPWR,li1,43.9300,24.4800,1.799726
FILLER_4_29,VPWR,li1,19.3200,24.4800,1.799892
FILLER_4_3,VPWR,li1,7.3600,24.4800,1.799884
FILLER_3_252,VPWR,li1,121.9000,19.0400,1.799523
FILLER_3_228,VPWR,li1,110.8600,19.0400,1.799529
FILLER_3_200,VPWR,li1,97.7500,19.0400,1.799547
FILLER_3_167,VPWR,li1,82.5700,19.0400,1.799583
FILLER_3_130,VPWR,li1,65.7800,19.0400,1.799645
FILLER_3_83,VPWR,li1,43.9300,19.0400,1.799749
FILLER_3_41,VPWR,li1,24.6100,19.0400,1.799872
FILLER_2_253,VPWR,li1,122.1300,19.0400,1.799523
FILLER_2_138,VPWR,li1,69.4600,19.0400,1.799627
FILLER_2_110,VPWR,li1,56.5800,19.0400,1.799682
FILLER_1_252,VPWR,li1,121.9000,13.6000,1.799522
FILLER_1_248,VPWR,li1,119.8300,13.6000,1.799522
FILLER_1_242,VPWR,li1,118.2200,13.6000,1.799522
FILLER_1_223,VPWR,li1,108.3300,13.6000,1.799525
FILLER_1_178,VPWR,li1,87.8600,13.6000,1.799564
FILLER_1_160,VPWR,li1,79.3500,13.6000,1.799591
FILLER_1_94,VPWR,li1,48.9900,13.6000,1.799730
FILLER_0_253,VPWR,li1,122.1300,13.6000,1.799522
FILLER_0_251,VPWR,li1,121.2100,13.6000,1.799522
FILLER_0_243,VPWR,li1,119.1400,13.6000,1.799522
FILLER_0_231,VPWR,li1,114.5400,13.6000,1.799522
FILLER_0_223,VPWR,li1,108.3300,13.6000,1.799525
FILLER_0_195,VPWR,li1,95.4500,13.6000,1.799545
FILLER_0_141,VPWR,li1,70.6100,13.6000,1.799629
FILLER_0_138,VPWR,li1,69.4600,13.6000,1.799629
FILLER_0_111,VPWR,li1,56.8100,13.6000,1.799688
FILLER_0_3,VPWR,li1,7.1300,13.6000,1.799896
hold204,VPWR,li1,36.3400,122.4000,1.799630
hold203,VPWR,li1,39.5600,127.8400,1.799989
hold202,VPWR,li1,35.8800,127.8400,1.799991
hold201,VPWR,li1,14.2600,116.9600,1.799955
hold200,VPWR,li1,72.6800,122.4000,1.799298
hold199,VPWR,li1,16.1000,100.6400,1.799951
hold198,VPWR,li1,55.2000,127.8400,1.799984
hold197,VPWR,li1,75.9000,116.9600,1.799751
hold196,VPWR,li1,85.5600,127.8400,1.799976
hold195,VPWR,li1,60.2600,116.9600,1.799796
hold194,VPWR,li1,60.2600,89.7600,1.798906
hold193,VPWR,li1,85.1000,106.0800,1.798065
hold192,VPWR,li1,97.9800,116.9600,1.799703
hold191,VPWR,li1,41.8600,116.9600,1.799871
hold190,VPWR,li1,97.9800,122.4000,1.799176
hold189,VPWR,li1,33.5800,100.6400,1.799922
hold188,VPWR,li1,103.9600,89.7600,1.798344
hold187,VPWR,li1,101.2000,127.8400,1.799973
hold186,VPWR,li1,110.8600,122.4000,1.799151
hold185,VPWR,li1,119.6000,122.4000,1.799142
hold184,VPWR,li1,120.5200,106.0800,1.797962
hold183,VPWR,li1,46.4600,95.2000,1.799871
hold182,VPWR,li1,118.2200,84.3200,1.797707
hold181,VPWR,li1,119.6000,84.3200,1.797707
hold180,VPWR,li1,115.4600,89.7600,1.798309
hold179,VPWR,li1,119.6000,95.2000,1.799678
hold178,VPWR,li1,8.7400,116.9600,1.799955
hold177,VPWR,li1,36.3400,89.7600,1.799383
hold176,VPWR,li1,37.2600,95.2000,1.799901
hold175,VPWR,li1,97.9800,89.7600,1.798401
hold174,VPWR,li1,69.0000,122.4000,1.799325
hold173,VPWR,li1,80.9600,89.7600,1.798611
hold172,VPWR,li1,40.0200,122.4000,1.799592
rebuffer171,VPWR,li1,111.3200,116.9600,1.799684
rebuffer170,VPWR,li1,119.8300,116.9600,1.799677
rebuffer169,VPWR,li1,112.0100,111.5200,1.799382
rebuffer168,VPWR,li1,108.7900,111.5200,1.799383
rebuffer167,VPWR,li1,110.6300,95.2000,1.799687
rebuffer166,VPWR,li1,27.3700,116.9600,1.799929
clone162,VPWR,li1,51.2900,127.8400,1.799985
clone161,VPWR,li1,79.8100,122.4000,1.799259
rebuffer160,VPWR,li1,115.4600,122.4000,1.799145
rebuffer159,VPWR,li1,118.4500,111.5200,1.799382
rebuffer158,VPWR,li1,115.0000,127.8400,1.799972
rebuffer157,VPWR,li1,94.0700,127.8400,1.799974
rebuffer156,VPWR,li1,97.7500,127.8400,1.799973
rebuffer155,VPWR,li1,98.6700,106.0800,1.797966
rebuffer154,VPWR,li1,25.7600,106.0800,1.799522
rebuffer153,VPWR,li1,109.0200,122.4000,1.799155
rebuffer152,VPWR,li1,104.4200,116.9600,1.799694
rebuffer151,VPWR,li1,110.1700,95.2000,1.799687
rebuffer150,VPWR,li1,115.2300,111.5200,1.799382
rebuffer149,VPWR,li1,80.5000,116.9600,1.799736
rebuffer148,VPWR,li1,118.9100,127.8400,1.799971
rebuffer147,VPWR,li1,112.4700,106.0800,1.797963
rebuffer146,VPWR,li1,115.2300,106.0800,1.797963
rebuffer93,VPWR,li1,68.3100,95.2000,1.799798
rebuffer92,VPWR,li1,62.7900,40.8000,1.799477
rebuffer91,VPWR,li1,82.1100,68.0000,1.799210
rebuffer90,VPWR,li1,92.6900,73.4400,1.798965
rebuffer89,VPWR,li1,71.3000,57.1200,1.799351
rebuffer88,VPWR,li1,54.9700,24.4800,1.799655
rebuffer87,VPWR,li1,112.4700,68.0000,1.799104
rebuffer86,VPWR,li1,103.0400,73.4400,1.798935
rebuffer85,VPWR,li1,106.9500,73.4400,1.798925
rebuffer84,VPWR,li1,104.1900,68.0000,1.799128
rebuffer83,VPWR,li1,117.5300,40.8000,1.799280
rebuffer82,VPWR,li1,16.7900,78.8800,1.799533
rebuffer81,VPWR,li1,20.4700,68.0000,1.799833
rebuffer80,VPWR,li1,19.5500,57.1200,1.799858
rebuffer79,VPWR,li1,16.3300,57.1200,1.799856
rebuffer78,VPWR,li1,33.5800,46.2400,1.799727
rebuffer77,VPWR,li1,40.9400,24.4800,1.799755
rebuffer76,VPWR,li1,44.1600,24.4800,1.799726
rebuffer75,VPWR,li1,71.0700,89.7600,1.798758
rebuffer74,VPWR,li1,57.7300,68.0000,1.799374
rebuffer73,VPWR,li1,71.9900,35.3600,1.799550
rebuffer72,VPWR,li1,70.3800,89.7600,1.798758
rebuffer71,VPWR,li1,79.3500,57.1200,1.799297
rebuffer70,VPWR,li1,71.0700,51.6800,1.799361
rebuffer69,VPWR,li1,12.1900,35.3600,1.799887
rebuffer68,VPWR,li1,21.6200,19.0400,1.799903
rebuffer67,VPWR,li1,11.2700,40.8000,1.799859
rebuffer66,VPWR,li1,17.7100,29.9200,1.799858
rebuffer65,VPWR,li1,48.0700,13.6000,1.799740
rebuffer64,VPWR,li1,67.6200,73.4400,1.799125
clone63,VPWR,li1,94.5300,24.4800,1.799507
rebuffer62,VPWR,li1,95.2200,19.0400,1.799552
rebuffer61,VPWR,li1,96.8300,19.0400,1.799552
rebuffer60,VPWR,li1,91.5400,24.4800,1.799514
rebuffer59,VPWR,li1,116.6100,29.9200,1.799303
rebuffer58,VPWR,li1,37.0300,78.8800,1.798907
rebuffer57,VPWR,li1,52.9000,19.0400,1.799697
rebuffer56,VPWR,li1,59.5700,13.6000,1.799674
rebuffer55,VPWR,li1,47.1500,13.6000,1.799740
rebuffer54,VPWR,li1,66.0100,35.3600,1.799586
rebuffer53,VPWR,li1,39.1000,84.3200,1.798966
rebuffer52,VPWR,li1,46.4600,29.9200,1.799603
rebuffer51,VPWR,li1,77.2800,13.6000,1.799598
rebuffer50,VPWR,li1,71.3000,19.0400,1.799620
rebuffer49,VPWR,li1,21.6200,68.0000,1.799833
rebuffer48,VPWR,li1,41.8600,13.6000,1.799772
rebuffer47,VPWR,li1,113.3900,19.0400,1.799526
rebuffer46,VPWR,li1,62.7900,35.3600,1.799595
rebuffer45,VPWR,li1,68.7700,35.3600,1.799568
rebuffer44,VPWR,li1,46.2300,29.9200,1.799603
rebuffer43,VPWR,li1,72.4500,84.3200,1.798055
rebuffer42,VPWR,li1,68.3100,35.3600,1.799568
rebuffer41,VPWR,li1,68.3100,46.2400,1.799419
rebuffer40,VPWR,li1,43.4700,46.2400,1.799639
rebuffer39,VPWR,li1,59.8000,35.3600,1.799612
rebuffer38,VPWR,li1,73.6000,84.3200,1.798055
rebuffer37,VPWR,li1,75.6700,73.4400,1.799056
rebuffer36,VPWR,li1,80.2700,29.9200,1.799374
rebuffer35,VPWR,li1,64.1700,35.3600,1.799595
rebuffer34,VPWR,li1,66.0100,57.1200,1.799383
rebuffer33,VPWR,li1,72.4500,78.8800,1.798025
rebuffer32,VPWR,li1,84.8700,13.6000,1.799572
rebuffer31,VPWR,li1,35.8800,13.6000,1.799808
rebuffer30,VPWR,li1,28.7500,40.8000,1.799786
rebuffer29,VPWR,li1,23.4600,13.6000,1.799909
rebuffer28,VPWR,li1,43.2400,40.8000,1.799637
rebuffer27,VPWR,li1,56.1200,51.6800,1.799477
rebuffer26,VPWR,li1,56.5800,57.1200,1.799463
rebuffer25,VPWR,li1,46.6900,51.6800,1.799571
rebuffer24,VPWR,li1,54.7400,35.3600,1.799642
rebuffer23,VPWR,li1,78.8900,57.1200,1.799297
rebuffer22,VPWR,li1,67.1600,57.1200,1.799368
rebuffer21,VPWR,li1,75.9000,78.8800,1.797986
rebuffer20,VPWR,li1,65.5500,29.9200,1.799458
rebuffer19,VPWR,li1,93.1500,35.3600,1.799474
rebuffer18,VPWR,li1,82.8000,19.0400,1.799583
rebuffer17,VPWR,li1,62.5600,13.6000,1.799659
rebuffer16,VPWR,li1,63.0200,62.5600,1.799487
rebuffer15,VPWR,li1,61.8700,68.0000,1.799322
rebuffer14,VPWR,li1,77.5100,24.4800,1.799552
rebuffer13,VPWR,li1,94.3000,13.6000,1.799545
rebuffer12,VPWR,li1,104.1900,19.0400,1.799536
rebuffer11,VPWR,li1,29.2100,24.4800,1.799834
rebuffer10,VPWR,li1,79.3500,62.5600,1.799407
rebuffer9,VPWR,li1,49.4500,57.1200,1.799536
rebuffer8,VPWR,li1,47.6100,46.2400,1.799584
rebuffer7,VPWR,li1,49.9100,46.2400,1.799566
rebuffer6,VPWR,li1,68.0800,46.2400,1.799419
rebuffer5,VPWR,li1,51.0600,57.1200,1.799510
rebuffer4,VPWR,li1,71.0700,57.1200,1.799351
rebuffer3,VPWR,li1,85.5600,68.0000,1.799189
rebuffer2,VPWR,li1,94.9900,35.3600,1.799469
rebuffer1,VPWR,li1,80.5000,29.9200,1.799374
clkload6,VPWR,li1,93.3800,111.5200,1.799395
clkload5,VPWR,li1,98.9000,78.8800,1.797661
clkload4,VPWR,li1,106.2600,89.7600,1.798323
clkload3,VPWR,li1,51.5200,106.0800,1.798676
clkload2,VPWR,li1,33.1200,111.5200,1.799756
clkload1,VPWR,li1,42.0900,78.8800,1.798746
clkload0,VPWR,li1,32.2000,84.3200,1.799206
clkbuf_3_7__f_clk,VPWR,li1,96.6000,106.0800,1.797967
clkbuf_3_6__f_clk,VPWR,li1,81.8800,106.0800,1.798094
clkbuf_3_5__f_clk,VPWR,li1,102.1200,78.8800,1.797632
clkbuf_3_4__f_clk,VPWR,li1,103.9600,84.3200,1.797722
clkbuf_3_3__f_clk,VPWR,li1,51.5200,106.0800,1.798676
clkbuf_3_2__f_clk,VPWR,li1,36.3400,106.0800,1.799113
clkbuf_3_1__f_clk,VPWR,li1,48.3000,78.8800,1.798509
clkbuf_3_0__f_clk,VPWR,li1,31.2800,78.8800,1.799095
clkbuf_0_clk,VPWR,li1,65.3200,84.3200,1.798164
fanout136,VPWR,li1,109.9400,40.8000,1.799291
fanout135,VPWR,li1,112.7000,40.8000,1.799286
fanout134,VPWR,li1,42.7800,35.3600,1.799726
fanout133,VPWR,li1,117.5300,19.0400,1.799523
fanout132,VPWR,li1,120.5200,19.0400,1.799523
fanout131,VPWR,li1,115.9200,35.3600,1.799441
fanout130,VPWR,li1,28.5200,13.6000,1.799867
fanout129,VPWR,li1,72.9100,13.6000,1.799615
fanout128,VPWR,li1,11.5000,29.9200,1.799849
fanout127,VPWR,li1,93.3800,57.1200,1.799241
fanout126,VPWR,li1,80.5000,24.4800,1.799542
fanout125,VPWR,li1,10.1200,29.9200,1.799846
fanout124,VPWR,li1,20.2400,35.3600,1.799891
fanout123,VPWR,li1,103.9600,13.6000,1.799527
fanout122,VPWR,li1,13.5700,13.6000,1.799897
fanout121,VPWR,li1,10.3500,19.0400,1.799886
fanout120,VPWR,li1,13.3400,19.0400,1.799890
fanout119,VPWR,li1,106.7200,13.6000,1.799525
fanout118,VPWR,li1,8.7400,29.9200,1.799846
fanout117,VPWR,li1,66.7000,40.8000,1.799453
fanout116,VPWR,li1,15.6400,68.0000,1.799823
fanout115,VPWR,li1,7.8200,62.5600,1.799856
fanout114,VPWR,li1,14.2600,62.5600,1.799861
fanout113,VPWR,li1,92.4600,40.8000,1.799335
fanout112,VPWR,li1,109.9400,68.0000,1.799111
fanout111,VPWR,li1,107.1800,35.3600,1.799450
fanout110,VPWR,li1,42.7800,29.9200,1.799643
fanout109,VPWR,li1,84.1800,35.3600,1.799505
fanout108,VPWR,li1,25.7600,24.4800,1.799870
fanout107,VPWR,li1,28.0600,40.8000,1.799786
fanout106,VPWR,li1,98.2100,13.6000,1.799537
fanout105,VPWR,li1,31.2800,46.2400,1.799769
fanout104,VPWR,li1,15.1800,40.8000,1.799861
fanout103,VPWR,li1,64.6300,24.4800,1.799604
fanout102,VPWR,li1,16.3300,19.0400,1.799895
fanout101,VPWR,li1,13.8000,19.0400,1.799890
fanout100,VPWR,li1,63.7100,13.6000,1.799659
fanout99,VPWR,li1,8.9700,19.0400,1.799886
fanout98,VPWR,li1,10.8100,62.5600,1.799858
fanout97,VPWR,li1,18.4000,62.5600,1.799865
fanout96,VPWR,li1,28.5200,29.9200,1.799789
fanout95,VPWR,li1,20.4700,40.8000,1.799869
fanout94,VPWR,li1,16.3300,68.0000,1.799823
fanout93,VPWR,li1,30.3600,40.8000,1.799762
fanout92,VPWR,li1,10.5800,40.8000,1.799859
fanout91,VPWR,li1,112.0100,24.4800,1.799486
fanout90,VPWR,li1,118.2200,24.4800,1.799483
fanout89,VPWR,li1,120.5200,19.0400,1.799523
fanout88,VPWR,li1,113.1600,35.3600,1.799442
fanout87,VPWR,li1,13.8000,57.1200,1.799853
fanout86,VPWR,li1,61.6400,116.9600,1.799788
fanout85,VPWR,li1,81.8800,84.3200,1.797940
fanout84,VPWR,li1,98.9000,111.5200,1.799386
fanout83,VPWR,li1,71.3000,106.0800,1.798313
fanout82,VPWR,li1,47.8400,116.9600,1.799837
fanout81,VPWR,li1,30.3600,106.0800,1.799312
fanout80,VPWR,li1,103.9600,111.5200,1.799384
fanout79,VPWR,li1,112.7000,73.4400,1.798913
fanout78,VPWR,li1,19.3200,89.7600,1.799722
fanout77,VPWR,li1,91.0800,106.0800,1.798010
fanout76,VPWR,li1,105.3400,106.0800,1.797964
fanout75,VPWR,li1,63.9400,111.5200,1.799518
fanout74,VPWR,li1,62.1000,127.8400,1.799982
max_cap73,VPWR,li1,21.3900,78.8800,1.799539
fanout72,VPWR,li1,29.2100,122.4000,1.799718
fanout71,VPWR,li1,64.8600,116.9600,1.799780
output70,VPWR,li1,9.6600,84.3200,1.799553
output69,VPWR,li1,7.8200,78.8800,1.799521
output68,VPWR,li1,76.3600,127.8400,1.799978
output67,VPWR,li1,80.9600,127.8400,1.799976
output66,VPWR,li1,88.7800,116.9600,1.799715
output65,VPWR,li1,101.2000,111.5200,1.799385
output64,VPWR,li1,117.7600,106.0800,1.797962
output63,VPWR,li1,120.5200,100.6400,1.799768
output62,VPWR,li1,107.6400,106.0800,1.797963
output61,VPWR,li1,7.8200,111.5200,1.799893
output60,VPWR,li1,11.5000,122.4000,1.799817
output59,VPWR,li1,105.3400,95.2000,1.799694
output58,VPWR,li1,21.6200,127.8400,1.799996
output57,VPWR,li1,23.4600,127.8400,1.799995
output56,VPWR,li1,41.8600,116.9600,1.799871
output55,VPWR,li1,25.3000,127.8400,1.799995
output54,VPWR,li1,50.6000,111.5200,1.799611
output53,VPWR,li1,58.4200,122.4000,1.799417
output52,VPWR,li1,58.4200,127.8400,1.799983
output51,VPWR,li1,63.9400,127.8400,1.799981
output50,VPWR,li1,74.5200,127.8400,1.799978
output49,VPWR,li1,65.7800,127.8400,1.799981
output48,VPWR,li1,106.4900,127.8400,1.799972
output47,VPWR,li1,78.6600,116.9600,1.799742
output46,VPWR,li1,93.8400,116.9600,1.799709
output45,VPWR,li1,100.7400,122.4000,1.799169
output44,VPWR,li1,113.6200,122.4000,1.799148
output43,VPWR,li1,9.6600,106.0800,1.799606
output42,VPWR,li1,7.8200,100.6400,1.799944
output41,VPWR,li1,7.8200,106.0800,1.799606
output40,VPWR,li1,27.1400,127.8400,1.799994
output39,VPWR,li1,47.8400,116.9600,1.799837
output38,VPWR,li1,60.2600,127.8400,1.799982
output37,VPWR,li1,84.6400,111.5200,1.799427
output36,VPWR,li1,113.1600,95.2000,1.799684
output35,VPWR,li1,7.8200,68.0000,1.799813
output34,VPWR,li1,120.5200,73.4400,1.798906
output33,VPWR,li1,119.6000,62.5600,1.799324
output32,VPWR,li1,121.4400,51.6800,1.799210
output31,VPWR,li1,113.6200,57.1200,1.799186
output30,VPWR,li1,121.4400,68.0000,1.799092
output29,VPWR,li1,120.0600,78.8800,1.797590
output28,VPWR,li1,9.6600,78.8800,1.799522
output27,VPWR,li1,7.8200,73.4400,1.799782
output26,VPWR,li1,7.8200,51.6800,1.799858
output25,VPWR,li1,32.6600,13.6000,1.799838
output24,VPWR,li1,121.4400,62.5600,1.799323
output23,VPWR,li1,119.6000,51.6800,1.799211
output22,VPWR,li1,120.5200,51.6800,1.799211
output21,VPWR,li1,120.5200,89.7600,1.798306
input20,VPWR,li1,7.8200,84.3200,1.799552
input19,VPWR,li1,7.8200,89.7600,1.799707
input18,VPWR,li1,43.7000,116.9600,1.799855
input17,VPWR,li1,112.2400,122.4000,1.799151
input16,VPWR,li1,19.5500,57.1200,1.799858
input15,VPWR,li1,7.5900,46.2400,1.799839
input14,VPWR,li1,37.0300,40.8000,1.799695
input13,VPWR,li1,7.5900,13.6000,1.799896
input12,VPWR,li1,32.4300,46.2400,1.799749
input11,VPWR,li1,7.8200,29.9200,1.799846
input10,VPWR,li1,120.5200,24.4800,1.799483
input9,VPWR,li1,120.7500,13.6000,1.799522
input8,VPWR,li1,11.7300,68.0000,1.799817
input7,VPWR,li1,8.9700,57.1200,1.799851
input6,VPWR,li1,15.1800,46.2400,1.799848
input5,VPWR,li1,20.9300,57.1200,1.799861
input4,VPWR,li1,33.8100,46.2400,1.799727
input3,VPWR,li1,7.5900,19.0400,1.799886
input2,VPWR,li1,121.6700,35.3600,1.799440
input1,VPWR,li1,120.7500,40.8000,1.799279
TAP_TAPCELL_ROW_42_287,VPWR,li1,121.6700,127.5330,1.799971
TAP_TAPCELL_ROW_42_286,VPWR,li1,108.7900,127.5330,1.799972
TAP_TAPCELL_ROW_42_285,VPWR,li1,95.9100,127.5330,1.799974
TAP_TAPCELL_ROW_42_284,VPWR,li1,83.0300,127.5330,1.799976
TAP_TAPCELL_ROW_42_283,VPWR,li1,70.1500,127.5330,1.799979
TAP_TAPCELL_ROW_42_282,VPWR,li1,57.2700,127.5330,1.799983
TAP_TAPCELL_ROW_42_281,VPWR,li1,44.3900,127.5330,1.799988
TAP_TAPCELL_ROW_42_280,VPWR,li1,31.5100,127.5330,1.799992
TAP_TAPCELL_ROW_42_279,VPWR,li1,18.6300,127.5330,1.799996
TAP_TAPCELL_ROW_41_278,VPWR,li1,108.7900,122.7060,1.799155
TAP_TAPCELL_ROW_41_277,VPWR,li1,83.0300,122.7060,1.799241
TAP_TAPCELL_ROW_41_276,VPWR,li1,57.2700,122.7060,1.799417
TAP_TAPCELL_ROW_41_275,VPWR,li1,31.5100,122.7060,1.799688
TAP_TAPCELL_ROW_40_274,VPWR,li1,121.6700,122.0930,1.799142
TAP_TAPCELL_ROW_40_273,VPWR,li1,95.9100,122.0930,1.799184
TAP_TAPCELL_ROW_40_272,VPWR,li1,70.1500,122.0930,1.799325
TAP_TAPCELL_ROW_40_271,VPWR,li1,44.3900,122.0930,1.799548
TAP_TAPCELL_ROW_40_270,VPWR,li1,18.6300,122.0930,1.799831
TAP_TAPCELL_ROW_39_269,VPWR,li1,108.7900,117.2660,1.799687
TAP_TAPCELL_ROW_39_268,VPWR,li1,83.0300,117.2660,1.799729
TAP_TAPCELL_ROW_39_267,VPWR,li1,57.2700,117.2660,1.799803
TAP_TAPCELL_ROW_39_266,VPWR,li1,31.5100,117.2660,1.799917
TAP_TAPCELL_ROW_38_265,VPWR,li1,121.6700,116.6530,1.799677
TAP_TAPCELL_ROW_38_264,VPWR,li1,95.9100,116.6530,1.799706
TAP_TAPCELL_ROW_38_263,VPWR,li1,70.1500,116.6530,1.799769
TAP_TAPCELL_ROW_38_262,VPWR,li1,44.3900,116.6530,1.799855
TAP_TAPCELL_ROW_38_261,VPWR,li1,18.6300,116.6530,1.799955
TAP_TAPCELL_ROW_37_260,VPWR,li1,108.7900,111.8260,1.799383
TAP_TAPCELL_ROW_37_259,VPWR,li1,83.0300,111.8260,1.799427
TAP_TAPCELL_ROW_37_258,VPWR,li1,57.2700,111.8260,1.799564
TAP_TAPCELL_ROW_37_257,VPWR,li1,31.5100,111.8260,1.799781
TAP_TAPCELL_ROW_36_256,VPWR,li1,121.6700,111.2130,1.799381
TAP_TAPCELL_ROW_36_255,VPWR,li1,95.9100,111.2130,1.799391
TAP_TAPCELL_ROW_36_254,VPWR,li1,70.1500,111.2130,1.799490
TAP_TAPCELL_ROW_36_253,VPWR,li1,44.3900,111.2130,1.799667
TAP_TAPCELL_ROW_36_252,VPWR,li1,18.6300,111.2130,1.799893
TAP_TAPCELL_ROW_35_251,VPWR,li1,108.7900,106.3860,1.797963
TAP_TAPCELL_ROW_35_250,VPWR,li1,83.0300,106.3860,1.798094
TAP_TAPCELL_ROW_35_249,VPWR,li1,57.2700,106.3860,1.798570
TAP_TAPCELL_ROW_35_248,VPWR,li1,31.5100,106.3860,1.799312
TAP_TAPCELL_ROW_34_247,VPWR,li1,121.6700,105.7730,1.797962
TAP_TAPCELL_ROW_34_246,VPWR,li1,95.9100,105.7730,1.797967
TAP_TAPCELL_ROW_34_245,VPWR,li1,70.1500,105.7730,1.798313
TAP_TAPCELL_ROW_34_244,VPWR,li1,44.3900,105.7730,1.798874
TAP_TAPCELL_ROW_34_243,VPWR,li1,18.6300,105.7730,1.799617
TAP_TAPCELL_ROW_33_242,VPWR,li1,108.7900,100.9460,1.799771
TAP_TAPCELL_ROW_33_241,VPWR,li1,83.0300,100.9460,1.799806
TAP_TAPCELL_ROW_33_240,VPWR,li1,57.2700,100.9460,1.799866
TAP_TAPCELL_ROW_33_239,VPWR,li1,31.5100,100.9460,1.799927
TAP_TAPCELL_ROW_32_238,VPWR,li1,121.6700,100.3330,1.799768
TAP_TAPCELL_ROW_32_237,VPWR,li1,95.9100,100.3330,1.799785
TAP_TAPCELL_ROW_32_236,VPWR,li1,70.1500,100.3330,1.799836
TAP_TAPCELL_ROW_32_235,VPWR,li1,44.3900,100.3330,1.799895
TAP_TAPCELL_ROW_32_234,VPWR,li1,18.6300,100.3330,1.799955
TAP_TAPCELL_ROW_31_233,VPWR,li1,108.7900,95.5060,1.799691
TAP_TAPCELL_ROW_31_232,VPWR,li1,83.0300,95.5060,1.799758
TAP_TAPCELL_ROW_31_231,VPWR,li1,57.2700,95.5060,1.799835
TAP_TAPCELL_ROW_31_230,VPWR,li1,31.5100,95.5060,1.799926
TAP_TAPCELL_ROW_30_229,VPWR,li1,121.6700,94.8930,1.799678
TAP_TAPCELL_ROW_30_228,VPWR,li1,95.9100,94.8930,1.799719
TAP_TAPCELL_ROW_30_227,VPWR,li1,70.1500,94.8930,1.799793
TAP_TAPCELL_ROW_30_226,VPWR,li1,44.3900,94.8930,1.799880
TAP_TAPCELL_ROW_30_225,VPWR,li1,18.6300,94.8930,1.799963
TAP_TAPCELL_ROW_29_224,VPWR,li1,108.7900,90.0660,1.798319
TAP_TAPCELL_ROW_29_223,VPWR,li1,83.0300,90.0660,1.798581
TAP_TAPCELL_ROW_29_222,VPWR,li1,57.2700,90.0660,1.798957
TAP_TAPCELL_ROW_29_221,VPWR,li1,31.5100,90.0660,1.799509
TAP_TAPCELL_ROW_28_220,VPWR,li1,121.6700,89.4530,1.798306
TAP_TAPCELL_ROW_28_219,VPWR,li1,95.9100,89.4530,1.798428
TAP_TAPCELL_ROW_28_218,VPWR,li1,70.1500,89.4530,1.798758
TAP_TAPCELL_ROW_28_217,VPWR,li1,44.3900,89.4530,1.799226
TAP_TAPCELL_ROW_28_216,VPWR,li1,18.6300,89.4530,1.799719
TAP_TAPCELL_ROW_27_215,VPWR,li1,108.7900,84.6260,1.797713
TAP_TAPCELL_ROW_27_214,VPWR,li1,83.0300,84.6260,1.797940
TAP_TAPCELL_ROW_27_213,VPWR,li1,57.2700,84.6260,1.798403
TAP_TAPCELL_ROW_27_212,VPWR,li1,31.5100,84.6260,1.799206
TAP_TAPCELL_ROW_26_211,VPWR,li1,121.6700,84.0130,1.797707
TAP_TAPCELL_ROW_26_210,VPWR,li1,95.9100,84.0130,1.797782
TAP_TAPCELL_ROW_26_209,VPWR,li1,70.1500,84.0130,1.798087
TAP_TAPCELL_ROW_26_208,VPWR,li1,44.3900,84.0130,1.798792
TAP_TAPCELL_ROW_26_207,VPWR,li1,18.6300,84.0130,1.799564
TAP_TAPCELL_ROW_25_206,VPWR,li1,108.7900,79.1860,1.797612
TAP_TAPCELL_ROW_25_205,VPWR,li1,83.0300,79.1860,1.797870
TAP_TAPCELL_ROW_25_204,VPWR,li1,57.2700,79.1860,1.798348
TAP_TAPCELL_ROW_25_203,VPWR,li1,31.5100,79.1860,1.799095
TAP_TAPCELL_ROW_24_202,VPWR,li1,121.6700,78.5730,1.797590
TAP_TAPCELL_ROW_24_201,VPWR,li1,95.9100,78.5730,1.797699
TAP_TAPCELL_ROW_24_200,VPWR,li1,70.1500,78.5730,1.798073
TAP_TAPCELL_ROW_24_199,VPWR,li1,44.3900,78.5730,1.798671
TAP_TAPCELL_ROW_24_198,VPWR,li1,18.6300,78.5730,1.799536
TAP_TAPCELL_ROW_23_197,VPWR,li1,108.7900,73.7460,1.798921
TAP_TAPCELL_ROW_23_196,VPWR,li1,83.0300,73.7460,1.799014
TAP_TAPCELL_ROW_23_195,VPWR,li1,57.2700,73.7460,1.799262
TAP_TAPCELL_ROW_23_194,VPWR,li1,31.5100,73.7460,1.799646
TAP_TAPCELL_ROW_22_193,VPWR,li1,121.6700,73.1330,1.798906
TAP_TAPCELL_ROW_22_192,VPWR,li1,95.9100,73.1330,1.798958
TAP_TAPCELL_ROW_22_191,VPWR,li1,70.1500,73.1330,1.799106
TAP_TAPCELL_ROW_22_190,VPWR,li1,44.3900,73.1330,1.799422
TAP_TAPCELL_ROW_22_189,VPWR,li1,18.6300,73.1330,1.799795
TAP_TAPCELL_ROW_21_188,VPWR,li1,108.7900,68.3060,1.799118
TAP_TAPCELL_ROW_21_187,VPWR,li1,83.0300,68.3060,1.799200
TAP_TAPCELL_ROW_21_186,VPWR,li1,57.2700,68.3060,1.799374
TAP_TAPCELL_ROW_21_185,VPWR,li1,31.5100,68.3060,1.799690
TAP_TAPCELL_ROW_20_184,VPWR,li1,121.6700,67.6930,1.799092
TAP_TAPCELL_ROW_20_183,VPWR,li1,95.9100,67.6930,1.799155
TAP_TAPCELL_ROW_20_182,VPWR,li1,70.1500,67.6930,1.799263
TAP_TAPCELL_ROW_20_181,VPWR,li1,44.3900,67.6930,1.799521
TAP_TAPCELL_ROW_20_180,VPWR,li1,18.6300,67.6930,1.799827
TAP_TAPCELL_ROW_19_179,VPWR,li1,108.7900,62.8660,1.799337
TAP_TAPCELL_ROW_19_178,VPWR,li1,83.0300,62.8660,1.799398
TAP_TAPCELL_ROW_19_177,VPWR,li1,57.2700,62.8660,1.799536
TAP_TAPCELL_ROW_19_176,VPWR,li1,31.5100,62.8660,1.799765
TAP_TAPCELL_ROW_18_175,VPWR,li1,121.6700,62.2530,1.799323
TAP_TAPCELL_ROW_18_174,VPWR,li1,95.9100,62.2530,1.799361
TAP_TAPCELL_ROW_18_173,VPWR,li1,70.1500,62.2530,1.799453
TAP_TAPCELL_ROW_18_172,VPWR,li1,44.3900,62.2530,1.799643
TAP_TAPCELL_ROW_18_171,VPWR,li1,18.6300,62.2530,1.799869
TAP_TAPCELL_ROW_17_170,VPWR,li1,108.7900,57.4260,1.799197
TAP_TAPCELL_ROW_17_169,VPWR,li1,83.0300,57.4260,1.799282
TAP_TAPCELL_ROW_17_168,VPWR,li1,57.2700,57.4260,1.799463
TAP_TAPCELL_ROW_17_167,VPWR,li1,31.5100,57.4260,1.799735
TAP_TAPCELL_ROW_16_166,VPWR,li1,121.6700,56.8130,1.799172
TAP_TAPCELL_ROW_16_165,VPWR,li1,95.9100,56.8130,1.799232
TAP_TAPCELL_ROW_16_164,VPWR,li1,70.1500,56.8130,1.799351
TAP_TAPCELL_ROW_16_163,VPWR,li1,44.3900,56.8130,1.799598
TAP_TAPCELL_ROW_16_162,VPWR,li1,18.6300,56.8130,1.799858
TAP_TAPCELL_ROW_15_161,VPWR,li1,108.7900,51.9860,1.799217
TAP_TAPCELL_ROW_15_160,VPWR,li1,83.0300,51.9860,1.799292
TAP_TAPCELL_ROW_15_159,VPWR,li1,57.2700,51.9860,1.799477
TAP_TAPCELL_ROW_15_158,VPWR,li1,31.5100,51.9860,1.799739
TAP_TAPCELL_ROW_14_157,VPWR,li1,121.6700,51.3730,1.799210
TAP_TAPCELL_ROW_14_156,VPWR,li1,95.9100,51.3730,1.799239
TAP_TAPCELL_ROW_14_155,VPWR,li1,70.1500,51.3730,1.799361
TAP_TAPCELL_ROW_14_154,VPWR,li1,44.3900,51.3730,1.799610
TAP_TAPCELL_ROW_14_153,VPWR,li1,18.6300,51.3730,1.799863
TAP_TAPCELL_ROW_13_152,VPWR,li1,108.7900,46.5460,1.799198
TAP_TAPCELL_ROW_13_151,VPWR,li1,83.0300,46.5460,1.799307
TAP_TAPCELL_ROW_13_150,VPWR,li1,57.2700,46.5460,1.799496
TAP_TAPCELL_ROW_13_149,VPWR,li1,31.5100,46.5460,1.799749
TAP_TAPCELL_ROW_12_148,VPWR,li1,121.6700,45.9330,1.799175
TAP_TAPCELL_ROW_12_147,VPWR,li1,95.9100,45.9330,1.799245
TAP_TAPCELL_ROW_12_146,VPWR,li1,70.1500,45.9330,1.799401
TAP_TAPCELL_ROW_12_145,VPWR,li1,44.3900,45.9330,1.799618
TAP_TAPCELL_ROW_12_144,VPWR,li1,18.6300,45.9330,1.799852
TAP_TAPCELL_ROW_11_143,VPWR,li1,108.7900,41.1060,1.799295
TAP_TAPCELL_ROW_11_142,VPWR,li1,83.0300,41.1060,1.799373
TAP_TAPCELL_ROW_11_141,VPWR,li1,57.2700,41.1060,1.799516
TAP_TAPCELL_ROW_11_140,VPWR,li1,31.5100,41.1060,1.799762
TAP_TAPCELL_ROW_10_139,VPWR,li1,121.6700,40.4930,1.799279
TAP_TAPCELL_ROW_10_138,VPWR,li1,95.9100,40.4930,1.799329
TAP_TAPCELL_ROW_10_137,VPWR,li1,70.1500,40.4930,1.799438
TAP_TAPCELL_ROW_10_136,VPWR,li1,44.3900,40.4930,1.799637
TAP_TAPCELL_ROW_10_135,VPWR,li1,18.6300,40.4930,1.799867
TAP_TAPCELL_ROW_9_134,VPWR,li1,108.7900,35.6660,1.799447
TAP_TAPCELL_ROW_9_133,VPWR,li1,83.0300,35.6660,1.799505
TAP_TAPCELL_ROW_9_132,VPWR,li1,57.2700,35.6660,1.799627
TAP_TAPCELL_ROW_9_131,VPWR,li1,31.5100,35.6660,1.799811
TAP_TAPCELL_ROW_8_130,VPWR,li1,121.6700,35.0530,1.799440
TAP_TAPCELL_ROW_8_129,VPWR,li1,95.9100,35.0530,1.799469
TAP_TAPCELL_ROW_8_128,VPWR,li1,70.1500,35.0530,1.799559
TAP_TAPCELL_ROW_8_127,VPWR,li1,44.3900,35.0530,1.799711
TAP_TAPCELL_ROW_8_126,VPWR,li1,18.6300,35.0530,1.799891
TAP_TAPCELL_ROW_7_125,VPWR,li1,108.7900,30.2260,1.799307
TAP_TAPCELL_ROW_7_124,VPWR,li1,83.0300,30.2260,1.799363
TAP_TAPCELL_ROW_7_123,VPWR,li1,57.2700,30.2260,1.799514
TAP_TAPCELL_ROW_7_122,VPWR,li1,31.5100,30.2260,1.799750
TAP_TAPCELL_ROW_6_121,VPWR,li1,121.6700,29.6130,1.799303
TAP_TAPCELL_ROW_6_120,VPWR,li1,95.9100,29.6130,1.799326
TAP_TAPCELL_ROW_6_119,VPWR,li1,70.1500,29.6130,1.799427
TAP_TAPCELL_ROW_6_118,VPWR,li1,44.3900,29.6130,1.799620
TAP_TAPCELL_ROW_6_117,VPWR,li1,18.6300,29.6130,1.799858
TAP_TAPCELL_ROW_5_116,VPWR,li1,108.7900,24.7860,1.799490
TAP_TAPCELL_ROW_5_115,VPWR,li1,83.0300,24.7860,1.799536
TAP_TAPCELL_ROW_5_114,VPWR,li1,57.2700,24.7860,1.799642
TAP_TAPCELL_ROW_5_113,VPWR,li1,31.5100,24.7860,1.799816
TAP_TAPCELL_ROW_4_112,VPWR,li1,121.6700,24.1730,1.799483
TAP_TAPCELL_ROW_4_111,VPWR,li1,95.9100,24.1730,1.799507
TAP_TAPCELL_ROW_4_110,VPWR,li1,70.1500,24.1730,1.799581
TAP_TAPCELL_ROW_4_109,VPWR,li1,44.3900,24.1730,1.799726
TAP_TAPCELL_ROW_4_108,VPWR,li1,18.6300,24.1730,1.799892
TAP_TAPCELL_ROW_3_107,VPWR,li1,108.7900,19.3460,1.799532
TAP_TAPCELL_ROW_3_106,VPWR,li1,83.0300,19.3460,1.799583
TAP_TAPCELL_ROW_3_105,VPWR,li1,57.2700,19.3460,1.799682
TAP_TAPCELL_ROW_3_104,VPWR,li1,31.5100,19.3460,1.799823
TAP_TAPCELL_ROW_2_103,VPWR,li1,121.6700,18.7330,1.799523
TAP_TAPCELL_ROW_2_102,VPWR,li1,95.9100,18.7330,1.799552
TAP_TAPCELL_ROW_2_101,VPWR,li1,70.1500,18.7330,1.799627
TAP_TAPCELL_ROW_2_100,VPWR,li1,44.3900,18.7330,1.799749
TAP_TAPCELL_ROW_2_99,VPWR,li1,18.6300,18.7330,1.799899
TAP_TAPCELL_ROW_1_98,VPWR,li1,108.7900,13.9060,1.799524
TAP_TAPCELL_ROW_1_97,VPWR,li1,83.0300,13.9060,1.799578
TAP_TAPCELL_ROW_1_96,VPWR,li1,57.2700,13.9060,1.799688
TAP_TAPCELL_ROW_1_95,VPWR,li1,31.5100,13.9060,1.799838
TAP_TAPCELL_ROW_0_94,VPWR,li1,121.6700,13.2930,1.799522
TAP_TAPCELL_ROW_0_93,VPWR,li1,108.7900,13.2930,1.799524
TAP_TAPCELL_ROW_0_92,VPWR,li1,95.9100,13.2930,1.799545
TAP_TAPCELL_ROW_0_91,VPWR,li1,83.0300,13.2930,1.799578
TAP_TAPCELL_ROW_0_90,VPWR,li1,70.1500,13.2930,1.799629
TAP_TAPCELL_ROW_0_89,VPWR,li1,57.2700,13.2930,1.799688
TAP_TAPCELL_ROW_0_88,VPWR,li1,44.3900,13.2930,1.799756
TAP_TAPCELL_ROW_0_87,VPWR,li1,31.5100,13.2930,1.799838
TAP_TAPCELL_ROW_0_86,VPWR,li1,18.6300,13.2930,1.799904
PHY_EDGE_ROW_42_Left_85,VPWR,li1,6.2100,127.8400,1.799996
PHY_EDGE_ROW_41_Left_84,VPWR,li1,6.2100,122.4000,1.799817
PHY_EDGE_ROW_40_Left_83,VPWR,li1,6.2100,122.4000,1.799817
PHY_EDGE_ROW_39_Left_82,VPWR,li1,6.2100,116.9600,1.799955
PHY_EDGE_ROW_38_Left_81,VPWR,li1,6.2100,116.9600,1.799955
PHY_EDGE_ROW_37_Left_80,VPWR,li1,6.2100,111.5200,1.799893
PHY_EDGE_ROW_36_Left_79,VPWR,li1,6.2100,111.5200,1.799893
PHY_EDGE_ROW_35_Left_78,VPWR,li1,6.2100,106.0800,1.799606
PHY_EDGE_ROW_34_Left_77,VPWR,li1,6.2100,106.0800,1.799606
PHY_EDGE_ROW_33_Left_76,VPWR,li1,6.2100,100.6400,1.799944
PHY_EDGE_ROW_32_Left_75,VPWR,li1,6.2100,100.6400,1.799944
PHY_EDGE_ROW_31_Left_74,VPWR,li1,6.2100,95.2000,1.799963
PHY_EDGE_ROW_30_Left_73,VPWR,li1,6.2100,95.2000,1.799963
PHY_EDGE_ROW_29_Left_72,VPWR,li1,6.2100,89.7600,1.799707
PHY_EDGE_ROW_28_Left_71,VPWR,li1,6.2100,89.7600,1.799707
PHY_EDGE_ROW_27_Left_70,VPWR,li1,6.2100,84.3200,1.799552
PHY_EDGE_ROW_26_Left_69,VPWR,li1,6.2100,84.3200,1.799552
PHY_EDGE_ROW_25_Left_68,VPWR,li1,6.2100,78.8800,1.799521
PHY_EDGE_ROW_24_Left_67,VPWR,li1,6.2100,78.8800,1.799521
PHY_EDGE_ROW_23_Left_66,VPWR,li1,6.2100,73.4400,1.799782
PHY_EDGE_ROW_22_Left_65,VPWR,li1,6.2100,73.4400,1.799782
PHY_EDGE_ROW_21_Left_64,VPWR,li1,6.2100,68.0000,1.799813
PHY_EDGE_ROW_20_Left_63,VPWR,li1,6.2100,68.0000,1.799813
PHY_EDGE_ROW_19_Left_62,VPWR,li1,6.2100,62.5600,1.799856
PHY_EDGE_ROW_18_Left_61,VPWR,li1,6.2100,62.5600,1.799856
PHY_EDGE_ROW_17_Left_60,VPWR,li1,6.2100,57.1200,1.799851
PHY_EDGE_ROW_16_Left_59,VPWR,li1,6.2100,57.1200,1.799851
PHY_EDGE_ROW_15_Left_58,VPWR,li1,6.2100,51.6800,1.799858
PHY_EDGE_ROW_14_Left_57,VPWR,li1,6.2100,51.6800,1.799858
PHY_EDGE_ROW_13_Left_56,VPWR,li1,6.2100,46.2400,1.799839
PHY_EDGE_ROW_12_Left_55,VPWR,li1,6.2100,46.2400,1.799839
PHY_EDGE_ROW_11_Left_54,VPWR,li1,6.2100,40.8000,1.799858
PHY_EDGE_ROW_10_Left_53,VPWR,li1,6.2100,40.8000,1.799858
PHY_EDGE_ROW_9_Left_52,VPWR,li1,6.2100,35.3600,1.799885
PHY_EDGE_ROW_8_Left_51,VPWR,li1,6.2100,35.3600,1.799885
PHY_EDGE_ROW_7_Left_50,VPWR,li1,6.2100,29.9200,1.799846
PHY_EDGE_ROW_6_Left_49,VPWR,li1,6.2100,29.9200,1.799846
PHY_EDGE_ROW_5_Left_48,VPWR,li1,6.2100,24.4800,1.799884
PHY_EDGE_ROW_4_Left_47,VPWR,li1,6.2100,24.4800,1.799884
PHY_EDGE_ROW_3_Left_46,VPWR,li1,6.2100,19.0400,1.799886
PHY_EDGE_ROW_2_Left_45,VPWR,li1,6.2100,19.0400,1.799886
PHY_EDGE_ROW_1_Left_44,VPWR,li1,6.2100,13.6000,1.799896
PHY_EDGE_ROW_0_Left_43,VPWR,li1,6.2100,13.6000,1.799896
PHY_EDGE_ROW_42_Right_42,VPWR,li1,123.0500,127.8400,1.799971
PHY_EDGE_ROW_41_Right_41,VPWR,li1,123.0500,122.4000,1.799142
PHY_EDGE_ROW_40_Right_40,VPWR,li1,123.0500,122.4000,1.799142
PHY_EDGE_ROW_39_Right_39,VPWR,li1,123.0500,116.9600,1.799677
PHY_EDGE_ROW_38_Right_38,VPWR,li1,123.0500,116.9600,1.799677
PHY_EDGE_ROW_37_Right_37,VPWR,li1,123.0500,111.5200,1.799381
PHY_EDGE_ROW_36_Right_36,VPWR,li1,123.0500,111.5200,1.799381
PHY_EDGE_ROW_35_Right_35,VPWR,li1,123.0500,106.0800,1.797962
PHY_EDGE_ROW_34_Right_34,VPWR,li1,123.0500,106.0800,1.797962
PHY_EDGE_ROW_33_Right_33,VPWR,li1,123.0500,100.6400,1.799768
PHY_EDGE_ROW_32_Right_32,VPWR,li1,123.0500,100.6400,1.799768
PHY_EDGE_ROW_31_Right_31,VPWR,li1,123.0500,95.2000,1.799678
PHY_EDGE_ROW_30_Right_30,VPWR,li1,123.0500,95.2000,1.799678
PHY_EDGE_ROW_29_Right_29,VPWR,li1,123.0500,89.7600,1.798306
PHY_EDGE_ROW_28_Right_28,VPWR,li1,123.0500,89.7600,1.798306
PHY_EDGE_ROW_27_Right_27,VPWR,li1,123.0500,84.3200,1.797707
PHY_EDGE_ROW_26_Right_26,VPWR,li1,123.0500,84.3200,1.797707
PHY_EDGE_ROW_25_Right_25,VPWR,li1,123.0500,78.8800,1.797590
PHY_EDGE_ROW_24_Right_24,VPWR,li1,123.0500,78.8800,1.797590
PHY_EDGE_ROW_23_Right_23,VPWR,li1,123.0500,73.4400,1.798906
PHY_EDGE_ROW_22_Right_22,VPWR,li1,123.0500,73.4400,1.798906
PHY_EDGE_ROW_21_Right_21,VPWR,li1,123.0500,68.0000,1.799092
PHY_EDGE_ROW_20_Right_20,VPWR,li1,123.0500,68.0000,1.799092
PHY_EDGE_ROW_19_Right_19,VPWR,li1,123.0500,62.5600,1.799323
PHY_EDGE_ROW_18_Right_18,VPWR,li1,123.0500,62.5600,1.799323
PHY_EDGE_ROW_17_Right_17,VPWR,li1,123.0500,57.1200,1.799172
PHY_EDGE_ROW_16_Right_16,VPWR,li1,123.0500,57.1200,1.799172
PHY_EDGE_ROW_15_Right_15,VPWR,li1,123.0500,51.6800,1.799210
PHY_EDGE_ROW_14_Right_14,VPWR,li1,123.0500,51.6800,1.799210
PHY_EDGE_ROW_13_Right_13,VPWR,li1,123.0500,46.2400,1.799175
PHY_EDGE_ROW_12_Right_12,VPWR,li1,123.0500,46.2400,1.799175
PHY_EDGE_ROW_11_Right_11,VPWR,li1,123.0500,40.8000,1.799279
PHY_EDGE_ROW_10_Right_10,VPWR,li1,123.0500,40.8000,1.799279
PHY_EDGE_ROW_9_Right_9,VPWR,li1,123.0500,35.3600,1.799440
PHY_EDGE_ROW_8_Right_8,VPWR,li1,123.0500,35.3600,1.799440
PHY_EDGE_ROW_7_Right_7,VPWR,li1,123.0500,29.9200,1.799303
PHY_EDGE_ROW_6_Right_6,VPWR,li1,123.0500,29.9200,1.799303
PHY_EDGE_ROW_5_Right_5,VPWR,li1,123.0500,24.4800,1.799483
PHY_EDGE_ROW_4_Right_4,VPWR,li1,123.0500,24.4800,1.799483
PHY_EDGE_ROW_3_Right_3,VPWR,li1,123.0500,19.0400,1.799523
PHY_EDGE_ROW_2_Right_2,VPWR,li1,123.0500,19.0400,1.799523
PHY_EDGE_ROW_1_Right_1,VPWR,li1,123.0500,13.6000,1.799522
PHY_EDGE_ROW_0_Right_0,VPWR,li1,123.0500,13.6000,1.799522
_1440_,VPWR,li1,117.7600,89.7600,1.798306
_1439_,VPWR,li1,10.5800,68.0000,1.799814
_1438_,VPWR,li1,115.9200,68.0000,1.799095
_1437_,VPWR,li1,117.7600,62.5600,1.799324
_1436_,VPWR,li1,117.7600,57.1200,1.799172
_1435_,VPWR,li1,118.2200,57.1200,1.799172
_1434_,VPWR,li1,117.7600,68.0000,1.799093
_1433_,VPWR,li1,118.2200,73.4400,1.798906
_1432_,VPWR,li1,22.5400,89.7600,1.799726
_1431_,VPWR,li1,43.2400,89.7600,1.799226
_1430_,VPWR,li1,30.8200,89.7600,1.799509
_1429_,VPWR,li1,35.8800,89.7600,1.799383
_1428_,VPWR,li1,50.6000,89.7600,1.799080
_1427_,VPWR,li1,58.8800,89.7600,1.798957
_1426_,VPWR,li1,65.7800,89.7600,1.798813
_1425_,VPWR,li1,75.4400,89.7600,1.798670
_1424_,VPWR,li1,86.9400,89.7600,1.798516
_1423_,VPWR,li1,87.4000,89.7600,1.798516
_1422_,VPWR,li1,93.8400,84.3200,1.797802
_1421_,VPWR,li1,115.4600,78.8800,1.797593
_1420_,VPWR,li1,112.7000,84.3200,1.797708
_1419_,VPWR,li1,112.7000,84.3200,1.797708
_1418_,VPWR,li1,104.6500,95.2000,1.799697
_1417_,VPWR,li1,97.7500,89.7600,1.798401
_1416_,VPWR,li1,10.5800,78.8800,1.799522
_1415_,VPWR,li1,10.5800,73.4400,1.799782
_1414_,VPWR,li1,10.5800,46.2400,1.799839
_1413_,VPWR,li1,59.8000,40.8000,1.799499
_1412_,VPWR,li1,118.2200,40.8000,1.799280
_1411_,VPWR,li1,118.2200,46.2400,1.799175
_1410_,VPWR,li1,117.7600,46.2400,1.799175
_1409_,VPWR,li1,117.7600,78.8800,1.797590
_1408_,VPWR,li1,10.5800,89.7600,1.799707
_1407_,VPWR,li1,10.5800,84.3200,1.799553
_1406_,VPWR,li1,10.5800,111.5200,1.799893
_1405_,VPWR,li1,10.5800,122.4000,1.799817
_1404_,VPWR,li1,16.1000,122.4000,1.799821
_1403_,VPWR,li1,23.4600,122.4000,1.799793
_1402_,VPWR,li1,39.5600,122.4000,1.799592
_1401_,VPWR,li1,32.2000,122.4000,1.799688
_1400_,VPWR,li1,48.3000,122.4000,1.799498
_1399_,VPWR,li1,53.3600,122.4000,1.799450
_1398_,VPWR,li1,54.7400,116.9600,1.799809
_1397_,VPWR,li1,63.4800,122.4000,1.799365
_1396_,VPWR,li1,74.0600,122.4000,1.799298
_1395_,VPWR,li1,69.0000,111.5200,1.799490
_1394_,VPWR,li1,79.1200,122.4000,1.799259
_1393_,VPWR,li1,94.7600,122.4000,1.799184
_1392_,VPWR,li1,86.9400,116.9600,1.799718
_1391_,VPWR,li1,91.7700,122.4000,1.799196
_1390_,VPWR,li1,10.5800,106.0800,1.799606
_1389_,VPWR,li1,10.5800,100.6400,1.799945
_1388_,VPWR,li1,30.3600,106.0800,1.799312
_1387_,VPWR,li1,38.6400,111.5200,1.799713
_1386_,VPWR,li1,50.1400,111.5200,1.799611
_1385_,VPWR,li1,61.1800,111.5200,1.799534
_1384_,VPWR,li1,70.1500,106.0800,1.798313
_1383_,VPWR,li1,77.7400,106.0800,1.798165
_1382_,VPWR,li1,83.7200,111.5200,1.799427
_1381_,VPWR,li1,97.0600,111.5200,1.799388
_1380_,VPWR,li1,102.1200,100.6400,1.799773
_1379_,VPWR,li1,117.7600,95.2000,1.799678
_1378_,VPWR,li1,117.7600,106.0800,1.797962
_1377_,VPWR,li1,117.7600,116.9600,1.799677
_1376_,VPWR,li1,118.4500,122.4000,1.799142
_1375_,VPWR,li1,102.8100,122.4000,1.799163
_1374_,VPWR,li1,75.4400,89.7600,1.798670
_1373_,VPWR,li1,117.0700,84.3200,1.797707
_1372_,VPWR,li1,10.3500,68.0000,1.799814
_1371_,VPWR,li1,113.8500,62.5600,1.799330
_1370_,VPWR,li1,112.4700,62.5600,1.799330
_1369_,VPWR,li1,112.9300,57.1200,1.799186
_1368_,VPWR,li1,112.0100,57.1200,1.799186
_1367_,VPWR,li1,115.2300,73.4400,1.798910
_1366_,VPWR,li1,113.3900,73.4400,1.798913
_1365_,VPWR,li1,15.4100,84.3200,1.799560
_1364_,VPWR,li1,23.4600,89.7600,1.799676
_1363_,VPWR,li1,14.2600,84.3200,1.799560
_1362_,VPWR,li1,43.9300,84.3200,1.798792
_1361_,VPWR,li1,40.4800,84.3200,1.798886
_1360_,VPWR,li1,17.9400,78.8800,1.799533
_1359_,VPWR,li1,40.9400,78.8800,1.798746
_1358_,VPWR,li1,22.7700,78.8800,1.799448
_1357_,VPWR,li1,18.8600,73.4400,1.799795
_1356_,VPWR,li1,24.1500,78.8800,1.799448
_1355_,VPWR,li1,20.7000,78.8800,1.799539
_1354_,VPWR,li1,13.3400,62.5600,1.799861
_1353_,VPWR,li1,37.4900,78.8800,1.798907
_1352_,VPWR,li1,39.7900,78.8800,1.798815
_1351_,VPWR,li1,28.7500,73.4400,1.799693
_1350_,VPWR,li1,34.9600,84.3200,1.799063
_1349_,VPWR,li1,34.0400,73.4400,1.799582
_1348_,VPWR,li1,25.5300,89.7600,1.799626
_1347_,VPWR,li1,30.3600,89.7600,1.799509
_1346_,VPWR,li1,25.7600,84.3200,1.799449
_1345_,VPWR,li1,28.2900,84.3200,1.799299
_1344_,VPWR,li1,29.6700,78.8800,1.799185
_1343_,VPWR,li1,25.9900,78.8800,1.799306
_1342_,VPWR,li1,25.7600,68.0000,1.799771
_1341_,VPWR,li1,28.9800,68.0000,1.799715
_1340_,VPWR,li1,9.8900,62.5600,1.799858
_1339_,VPWR,li1,8.2800,57.1200,1.799851
_1338_,VPWR,li1,11.7300,57.1200,1.799852
_1337_,VPWR,li1,16.5600,57.1200,1.799856
_1336_,VPWR,li1,16.7900,62.5600,1.799865
_1335_,VPWR,li1,10.5800,57.1200,1.799852
_1334_,VPWR,li1,13.1100,46.2400,1.799845
_1333_,VPWR,li1,32.8900,95.2000,1.799916
_1332_,VPWR,li1,38.8700,89.7600,1.799319
_1331_,VPWR,li1,33.3500,78.8800,1.799005
_1330_,VPWR,li1,34.9600,73.4400,1.799582
_1329_,VPWR,li1,46.2300,78.8800,1.798574
_1328_,VPWR,li1,57.7300,84.3200,1.798403
_1327_,VPWR,li1,64.6300,78.8800,1.798164
_1326_,VPWR,li1,50.1400,73.4400,1.799340
_1325_,VPWR,li1,38.8700,73.4400,1.799517
_1324_,VPWR,li1,25.9900,73.4400,1.799747
_1323_,VPWR,li1,27.6000,73.4400,1.799693
_1322_,VPWR,li1,28.9800,68.0000,1.799715
_1321_,VPWR,li1,25.3000,73.4400,1.799747
_1320_,VPWR,li1,31.0500,68.0000,1.799690
_1319_,VPWR,li1,23.2300,62.5600,1.799851
_1318_,VPWR,li1,23.0000,68.0000,1.799797
_1317_,VPWR,li1,25.0700,62.5600,1.799831
_1316_,VPWR,li1,27.8300,62.5600,1.799802
_1315_,VPWR,li1,25.5300,62.5600,1.799831
_1314_,VPWR,li1,13.3400,57.1200,1.799853
_1313_,VPWR,li1,21.1600,62.5600,1.799873
_1312_,VPWR,li1,16.3300,51.6800,1.799862
_1311_,VPWR,li1,9.2000,46.2400,1.799839
_1310_,VPWR,li1,9.2000,51.6800,1.799859
_1309_,VPWR,li1,7.5900,51.6800,1.799858
_1308_,VPWR,li1,12.6500,73.4400,1.799786
_1307_,VPWR,li1,15.8700,73.4400,1.799790
_1306_,VPWR,li1,20.9300,51.6800,1.799866
_1305_,VPWR,li1,56.1200,84.3200,1.798403
_1304_,VPWR,li1,46.0000,89.7600,1.799171
_1303_,VPWR,li1,53.1300,84.3200,1.798493
_1302_,VPWR,li1,46.2300,84.3200,1.798705
_1301_,VPWR,li1,47.8400,84.3200,1.798705
_1300_,VPWR,li1,48.9900,78.8800,1.798509
_1299_,VPWR,li1,41.8600,73.4400,1.799481
_1298_,VPWR,li1,45.5400,73.4400,1.799422
_1297_,VPWR,li1,44.1600,68.0000,1.799521
_1296_,VPWR,li1,30.3600,73.4400,1.799646
_1295_,VPWR,li1,33.1200,68.0000,1.799659
_1294_,VPWR,li1,24.8400,40.8000,1.799821
_1293_,VPWR,li1,22.7700,51.6800,1.799843
_1292_,VPWR,li1,28.9800,62.5600,1.799802
_1291_,VPWR,li1,33.5800,62.5600,1.799744
_1290_,VPWR,li1,28.0600,57.1200,1.799770
_1289_,VPWR,li1,23.2300,57.1200,1.799834
_1288_,VPWR,li1,26.2200,51.6800,1.799812
_1287_,VPWR,li1,28.7500,57.1200,1.799770
_1286_,VPWR,li1,29.6700,51.6800,1.799759
_1285_,VPWR,li1,14.0300,51.6800,1.799861
_1284_,VPWR,li1,10.3500,51.6800,1.799859
_1283_,VPWR,li1,20.4700,46.2400,1.799855
_1282_,VPWR,li1,22.5400,46.2400,1.799860
_1281_,VPWR,li1,20.4700,19.0400,1.799903
_1280_,VPWR,li1,19.5500,24.4800,1.799892
_1279_,VPWR,li1,21.8500,51.6800,1.799866
_1278_,VPWR,li1,51.5200,84.3200,1.798584
_1277_,VPWR,li1,59.1100,78.8800,1.798304
_1276_,VPWR,li1,50.1400,84.3200,1.798584
_1275_,VPWR,li1,60.4900,84.3200,1.798279
_1274_,VPWR,li1,52.6700,78.8800,1.798412
_1273_,VPWR,li1,48.3000,73.4400,1.799388
_1272_,VPWR,li1,48.0700,73.4400,1.799388
_1271_,VPWR,li1,46.0000,73.4400,1.799422
_1270_,VPWR,li1,45.5400,62.5600,1.799643
_1269_,VPWR,li1,41.8600,68.0000,1.799547
_1268_,VPWR,li1,40.2500,51.6800,1.799640
_1267_,VPWR,li1,37.7200,68.0000,1.799620
_1266_,VPWR,li1,42.5500,68.0000,1.799547
_1265_,VPWR,li1,40.0200,68.0000,1.799570
_1264_,VPWR,li1,39.1000,62.5600,1.799690
_1263_,VPWR,li1,38.1800,57.1200,1.799666
_1262_,VPWR,li1,29.6700,46.2400,1.799769
_1261_,VPWR,li1,30.1300,51.6800,1.799759
_1260_,VPWR,li1,25.3000,51.6800,1.799812
_1259_,VPWR,li1,24.8400,24.4800,1.799870
_1258_,VPWR,li1,27.8300,29.9200,1.799789
_1257_,VPWR,li1,7.5900,62.5600,1.799856
_1256_,VPWR,li1,17.2500,46.2400,1.799852
_1255_,VPWR,li1,9.8900,13.6000,1.799896
_1254_,VPWR,li1,8.7400,40.8000,1.799858
_1253_,VPWR,li1,20.0100,13.6000,1.799904
_1252_,VPWR,li1,19.5500,13.6000,1.799904
_1251_,VPWR,li1,12.4200,13.6000,1.799897
_1250_,VPWR,li1,12.4200,24.4800,1.799886
_1249_,VPWR,li1,14.0300,40.8000,1.799861
_1248_,VPWR,li1,27.6000,46.2400,1.799811
_1247_,VPWR,li1,25.9900,46.2400,1.799811
_1246_,VPWR,li1,17.2500,40.8000,1.799864
_1245_,VPWR,li1,18.6300,35.3600,1.799891
_1244_,VPWR,li1,34.9600,40.8000,1.799715
_1243_,VPWR,li1,49.6800,68.0000,1.799453
_1242_,VPWR,li1,63.9400,89.7600,1.798843
_1241_,VPWR,li1,67.8500,73.4400,1.799125
_1240_,VPWR,li1,67.3900,84.3200,1.798125
_1239_,VPWR,li1,66.0100,78.8800,1.798164
_1238_,VPWR,li1,63.9400,95.2000,1.799812
_1237_,VPWR,li1,67.1600,89.7600,1.798813
_1236_,VPWR,li1,80.0400,84.3200,1.797962
_1235_,VPWR,li1,55.6600,78.8800,1.798348
_1234_,VPWR,li1,69.6900,78.8800,1.798073
_1233_,VPWR,li1,57.7300,78.8800,1.798304
_1232_,VPWR,li1,58.1900,73.4400,1.799230
_1231_,VPWR,li1,63.0200,73.4400,1.799188
_1230_,VPWR,li1,61.4100,73.4400,1.799188
_1229_,VPWR,li1,73.3700,68.0000,1.799243
_1228_,VPWR,li1,56.1200,62.5600,1.799536
_1227_,VPWR,li1,54.0500,68.0000,1.799402
_1226_,VPWR,li1,52.2100,62.5600,1.799569
_1225_,VPWR,li1,51.2900,51.6800,1.799523
_1224_,VPWR,li1,48.7600,62.5600,1.799606
_1223_,VPWR,li1,49.4500,68.0000,1.799453
_1222_,VPWR,li1,39.7900,51.6800,1.799661
_1221_,VPWR,li1,40.4800,57.1200,1.799623
_1220_,VPWR,li1,45.3100,57.1200,1.799570
_1219_,VPWR,li1,41.1700,57.1200,1.799623
_1218_,VPWR,li1,45.3100,51.6800,1.799590
_1217_,VPWR,li1,37.0300,51.6800,1.799692
_1216_,VPWR,li1,43.0100,51.6800,1.799610
_1215_,VPWR,li1,49.4500,46.2400,1.799566
_1214_,VPWR,li1,37.0300,46.2400,1.799691
_1213_,VPWR,li1,39.7900,46.2400,1.799662
_1212_,VPWR,li1,38.4100,40.8000,1.799695
_1211_,VPWR,li1,36.5700,35.3600,1.799771
_1210_,VPWR,li1,32.4300,40.8000,1.799740
_1209_,VPWR,li1,36.5700,35.3600,1.799771
_1208_,VPWR,li1,35.1900,29.9200,1.799711
_1207_,VPWR,li1,22.5400,29.9200,1.799864
_1206_,VPWR,li1,25.3000,35.3600,1.799864
_1205_,VPWR,li1,21.1600,40.8000,1.799869
_1204_,VPWR,li1,21.1600,29.9200,1.799864
_1203_,VPWR,li1,14.9500,29.9200,1.799854
_1202_,VPWR,li1,25.7600,35.3600,1.799864
_1201_,VPWR,li1,14.4900,35.3600,1.799888
_1200_,VPWR,li1,8.9700,35.3600,1.799885
_1199_,VPWR,li1,33.3500,57.1200,1.799707
_1198_,VPWR,li1,16.7900,40.8000,1.799864
_1197_,VPWR,li1,15.4100,29.9200,1.799854
_1196_,VPWR,li1,24.1500,40.8000,1.799844
_1195_,VPWR,li1,25.9900,40.8000,1.799821
_1194_,VPWR,li1,53.8200,57.1200,1.799489
_1193_,VPWR,li1,53.1300,57.1200,1.799489
_1192_,VPWR,li1,58.1900,68.0000,1.799374
_1191_,VPWR,li1,56.1200,62.5600,1.799536
_1190_,VPWR,li1,58.6500,62.5600,1.799518
_1189_,VPWR,li1,77.5100,84.3200,1.798004
_1188_,VPWR,li1,76.3600,84.3200,1.798004
_1187_,VPWR,li1,79.5800,84.3200,1.797962
_1186_,VPWR,li1,78.4300,78.8800,1.797935
_1185_,VPWR,li1,88.3200,84.3200,1.797860
_1184_,VPWR,li1,79.8100,78.8800,1.797935
_1183_,VPWR,li1,73.3700,78.8800,1.798025
_1182_,VPWR,li1,74.7500,68.0000,1.799243
_1181_,VPWR,li1,72.6800,73.4400,1.799079
_1180_,VPWR,li1,75.2100,73.4400,1.799056
_1179_,VPWR,li1,88.3200,62.5600,1.799378
_1178_,VPWR,li1,70.6100,62.5600,1.799453
_1177_,VPWR,li1,65.3200,62.5600,1.799475
_1176_,VPWR,li1,64.8600,68.0000,1.799299
_1175_,VPWR,li1,66.9300,68.0000,1.799283
_1174_,VPWR,li1,77.9700,68.0000,1.799222
_1173_,VPWR,li1,76.5900,62.5600,1.799419
_1172_,VPWR,li1,80.9600,68.0000,1.799210
_1171_,VPWR,li1,68.3100,51.6800,1.799374
_1170_,VPWR,li1,66.0100,51.6800,1.799391
_1169_,VPWR,li1,61.6400,57.1200,1.799415
_1168_,VPWR,li1,63.2500,57.1200,1.799398
_1167_,VPWR,li1,58.1900,51.6800,1.799458
_1166_,VPWR,li1,54.2800,46.2400,1.799522
_1165_,VPWR,li1,51.2900,51.6800,1.799523
_1164_,VPWR,li1,62.3300,46.2400,1.799464
_1163_,VPWR,li1,43.0100,51.6800,1.799610
_1162_,VPWR,li1,60.2600,51.6800,1.799440
_1161_,VPWR,li1,66.9300,46.2400,1.799419
_1160_,VPWR,li1,59.1100,57.1200,1.799444
_1159_,VPWR,li1,55.8900,57.1200,1.799463
_1158_,VPWR,li1,59.3400,40.8000,1.799499
_1157_,VPWR,li1,60.9500,46.2400,1.799464
_1156_,VPWR,li1,60.4900,62.5600,1.799505
_1155_,VPWR,li1,60.9500,19.0400,1.799660
_1154_,VPWR,li1,61.4100,19.0400,1.799660
_1153_,VPWR,li1,38.8700,13.6000,1.799789
_1152_,VPWR,li1,45.3100,13.6000,1.799756
_1151_,VPWR,li1,54.9700,68.0000,1.799402
_1150_,VPWR,li1,52.2100,29.9200,1.799556
_1149_,VPWR,li1,60.4900,29.9200,1.799486
_1148_,VPWR,li1,49.9100,40.8000,1.799574
_1147_,VPWR,li1,55.4300,24.4800,1.799655
_1146_,VPWR,li1,51.2900,29.9200,1.799556
_1145_,VPWR,li1,41.8600,29.9200,1.799643
_1144_,VPWR,li1,49.4500,35.3600,1.799684
_1143_,VPWR,li1,54.9700,40.8000,1.799534
_1142_,VPWR,li1,48.0700,35.3600,1.799684
_1141_,VPWR,li1,36.5700,29.9200,1.799711
_1140_,VPWR,li1,16.3300,24.4800,1.799890
_1139_,VPWR,li1,37.0300,19.0400,1.799785
_1138_,VPWR,li1,36.1100,24.4800,1.799780
_1137_,VPWR,li1,12.6500,24.4800,1.799886
_1136_,VPWR,li1,33.8100,24.4800,1.799798
_1135_,VPWR,li1,29.6700,35.3600,1.799826
_1134_,VPWR,li1,27.3700,13.6000,1.799867
_1133_,VPWR,li1,8.9700,13.6000,1.799896
_1132_,VPWR,li1,43.0100,19.0400,1.799749
_1131_,VPWR,li1,30.8200,35.3600,1.799826
_1130_,VPWR,li1,34.0400,13.6000,1.799821
_1129_,VPWR,li1,45.7700,40.8000,1.799612
_1128_,VPWR,li1,42.3200,35.3600,1.799726
_1127_,VPWR,li1,44.1600,46.2400,1.799618
_1126_,VPWR,li1,43.0100,40.8000,1.799637
_1125_,VPWR,li1,38.4100,40.8000,1.799695
_1124_,VPWR,li1,37.7200,46.2400,1.799691
_1123_,VPWR,li1,51.2900,40.8000,1.799574
_1122_,VPWR,li1,42.0900,46.2400,1.799639
_1121_,VPWR,li1,82.1100,89.7600,1.798581
_1120_,VPWR,li1,84.1800,84.3200,1.797918
_1119_,VPWR,li1,84.8700,78.8800,1.797844
_1118_,VPWR,li1,83.2600,84.3200,1.797918
_1117_,VPWR,li1,84.6400,78.8800,1.797870
_1116_,VPWR,li1,92.2300,68.0000,1.799165
_1115_,VPWR,li1,90.8500,78.8800,1.797784
_1114_,VPWR,li1,81.4200,73.4400,1.799014
_1113_,VPWR,li1,86.9400,73.4400,1.798984
_1112_,VPWR,li1,92.0000,73.4400,1.798965
_1111_,VPWR,li1,84.4100,68.0000,1.799200
_1110_,VPWR,li1,85.1000,73.4400,1.798992
_1109_,VPWR,li1,79.3500,73.4400,1.799028
_1108_,VPWR,li1,87.1700,51.6800,1.799264
_1107_,VPWR,li1,79.1200,62.5600,1.799407
_1106_,VPWR,li1,82.1100,57.1200,1.799282
_1105_,VPWR,li1,82.1100,57.1200,1.799282
_1104_,VPWR,li1,74.0600,51.6800,1.799336
_1103_,VPWR,li1,74.5200,57.1200,1.799321
_1102_,VPWR,li1,76.8200,51.6800,1.799318
_1101_,VPWR,li1,81.6500,51.6800,1.799292
_1100_,VPWR,li1,73.3700,29.9200,1.799405
_1099_,VPWR,li1,67.8500,29.9200,1.799438
_1098_,VPWR,li1,58.1900,35.3600,1.799627
_1097_,VPWR,li1,74.2900,29.9200,1.799405
_1096_,VPWR,li1,83.7200,29.9200,1.799363
_1095_,VPWR,li1,58.8800,24.4800,1.799642
_1094_,VPWR,li1,56.8100,29.9200,1.799514
_1093_,VPWR,li1,53.8200,19.0400,1.799697
_1092_,VPWR,li1,60.0300,24.4800,1.799627
_1091_,VPWR,li1,62.3300,29.9200,1.799473
_1090_,VPWR,li1,65.3200,24.4800,1.799604
_1089_,VPWR,li1,37.0300,13.6000,1.799808
_1088_,VPWR,li1,68.3100,24.4800,1.799588
_1087_,VPWR,li1,66.9300,19.0400,1.799636
_1086_,VPWR,li1,55.6600,46.2400,1.799522
_1085_,VPWR,li1,72.2200,24.4800,1.799572
_1084_,VPWR,li1,56.1200,19.0400,1.799682
_1083_,VPWR,li1,64.6300,40.8000,1.799466
_1082_,VPWR,li1,53.1300,13.6000,1.799707
_1081_,VPWR,li1,67.3900,13.6000,1.799638
_1080_,VPWR,li1,53.3600,13.6000,1.799707
_1079_,VPWR,li1,67.3900,13.6000,1.799638
_1078_,VPWR,li1,87.6300,13.6000,1.799564
_1077_,VPWR,li1,47.3800,19.0400,1.799724
_1076_,VPWR,li1,48.5300,24.4800,1.799696
_1075_,VPWR,li1,49.6800,24.4800,1.799696
_1074_,VPWR,li1,30.8200,24.4800,1.799834
_1073_,VPWR,li1,39.7900,24.4800,1.799755
_1072_,VPWR,li1,40.0200,19.0400,1.799767
_1071_,VPWR,li1,48.0700,19.0400,1.799724
_1070_,VPWR,li1,34.0400,19.0400,1.799806
_1069_,VPWR,li1,28.2900,19.0400,1.799847
_1068_,VPWR,li1,59.5700,13.6000,1.799674
_1067_,VPWR,li1,28.0600,19.0400,1.799847
_1066_,VPWR,li1,41.6300,13.6000,1.799772
_1065_,VPWR,li1,16.3300,13.6000,1.799901
_1064_,VPWR,li1,73.1400,24.4800,1.799572
_1063_,VPWR,li1,69.2300,19.0400,1.799627
_1062_,VPWR,li1,67.8500,57.1200,1.799368
_1061_,VPWR,li1,72.2200,62.5600,1.799439
_1060_,VPWR,li1,85.1000,57.1200,1.799270
_1059_,VPWR,li1,72.9100,46.2400,1.799378
_1058_,VPWR,li1,75.2100,57.1200,1.799321
_1057_,VPWR,li1,74.7500,62.5600,1.799427
_1056_,VPWR,li1,75.2100,40.8000,1.799412
_1055_,VPWR,li1,72.6800,46.2400,1.799378
_1054_,VPWR,li1,69.4600,40.8000,1.799438
_1053_,VPWR,li1,75.6700,46.2400,1.799357
_1052_,VPWR,li1,65.0900,40.8000,1.799466
_1051_,VPWR,li1,89.2400,46.2400,1.799270
_1050_,VPWR,li1,86.0200,57.1200,1.799270
_1049_,VPWR,li1,92.9200,89.7600,1.798462
_1048_,VPWR,li1,89.2400,78.8800,1.797784
_1047_,VPWR,li1,88.7800,84.3200,1.797860
_1046_,VPWR,li1,101.4300,78.8800,1.797632
_1045_,VPWR,li1,89.4700,51.6800,1.799256
_1044_,VPWR,li1,92.9200,51.6800,1.799245
_1043_,VPWR,li1,98.4400,51.6800,1.799233
_1042_,VPWR,li1,95.4500,40.8000,1.799329
_1041_,VPWR,li1,90.1600,46.2400,1.799270
_1040_,VPWR,li1,97.0600,46.2400,1.799234
_1039_,VPWR,li1,86.0200,40.8000,1.799359
_1038_,VPWR,li1,81.6500,46.2400,1.799325
_1037_,VPWR,li1,89.4700,68.0000,1.799174
_1036_,VPWR,li1,88.7800,57.1200,1.799256
_1035_,VPWR,li1,85.7900,62.5600,1.799386
_1034_,VPWR,li1,89.9300,68.0000,1.799174
_1033_,VPWR,li1,93.1500,68.0000,1.799165
_1032_,VPWR,li1,89.7000,57.1200,1.799256
_1031_,VPWR,li1,94.5300,73.4400,1.798958
_1030_,VPWR,li1,88.0900,29.9200,1.799346
_1029_,VPWR,li1,94.5300,46.2400,1.799245
_1028_,VPWR,li1,90.6200,40.8000,1.799343
_1027_,VPWR,li1,81.4200,51.6800,1.799292
_1026_,VPWR,li1,97.2900,29.9200,1.799321
_1025_,VPWR,li1,97.5200,29.9200,1.799321
_1024_,VPWR,li1,83.4900,40.8000,1.799373
_1023_,VPWR,li1,87.6300,29.9200,1.799346
_1022_,VPWR,li1,81.8800,35.3600,1.799513
_1021_,VPWR,li1,89.0100,35.3600,1.799485
_1020_,VPWR,li1,83.2600,46.2400,1.799307
_1019_,VPWR,li1,77.5100,35.3600,1.799525
_1018_,VPWR,li1,79.5800,46.2400,1.799338
_1017_,VPWR,li1,89.9300,40.8000,1.799343
_1016_,VPWR,li1,80.5000,35.3600,1.799513
_1015_,VPWR,li1,90.8500,29.9200,1.799338
_1014_,VPWR,li1,80.7300,40.8000,1.799382
_1013_,VPWR,li1,88.5500,35.3600,1.799485
_1012_,VPWR,li1,74.7500,35.3600,1.799539
_1011_,VPWR,li1,68.0800,40.8000,1.799453
_1010_,VPWR,li1,74.2900,40.8000,1.799412
_1009_,VPWR,li1,74.2900,35.3600,1.799539
_1008_,VPWR,li1,88.0900,19.0400,1.799572
_1007_,VPWR,li1,86.0200,24.4800,1.799526
_1006_,VPWR,li1,85.5600,24.4800,1.799526
_1005_,VPWR,li1,89.7000,24.4800,1.799518
_1004_,VPWR,li1,80.5000,19.0400,1.799589
_1003_,VPWR,li1,81.1900,13.6000,1.799584
_1002_,VPWR,li1,85.3300,13.6000,1.799572
_1001_,VPWR,li1,78.4300,24.4800,1.799552
_1000_,VPWR,li1,76.1300,19.0400,1.799605
_0999_,VPWR,li1,81.1900,13.6000,1.799584
_0998_,VPWR,li1,32.8900,40.8000,1.799740
_0997_,VPWR,li1,75.4400,19.0400,1.799605
_0996_,VPWR,li1,75.2100,13.6000,1.799606
_0995_,VPWR,li1,86.7100,19.0400,1.799572
_0994_,VPWR,li1,97.7500,13.6000,1.799537
_0993_,VPWR,li1,93.6100,29.9200,1.799332
_0992_,VPWR,li1,98.4400,40.8000,1.799318
_0991_,VPWR,li1,93.8400,84.3200,1.797802
_0990_,VPWR,li1,95.9100,78.8800,1.797699
_0989_,VPWR,li1,104.8800,73.4400,1.798930
_0988_,VPWR,li1,105.5700,78.8800,1.797620
_0987_,VPWR,li1,99.1300,46.2400,1.799225
_0986_,VPWR,li1,105.1100,46.2400,1.799211
_0985_,VPWR,li1,101.2000,46.2400,1.799218
_0984_,VPWR,li1,103.5000,35.3600,1.799453
_0983_,VPWR,li1,99.3600,35.3600,1.799461
_0982_,VPWR,li1,103.5000,35.3600,1.799453
_0981_,VPWR,li1,98.9000,35.3600,1.799461
_0980_,VPWR,li1,99.8200,24.4800,1.799501
_0979_,VPWR,li1,100.2800,29.9200,1.799316
_0978_,VPWR,li1,101.6600,29.9200,1.799316
_0977_,VPWR,li1,99.8200,19.0400,1.799543
_0976_,VPWR,li1,102.3500,24.4800,1.799496
_0975_,VPWR,li1,101.8900,19.0400,1.799539
_0974_,VPWR,li1,109.7100,19.0400,1.799529
_0973_,VPWR,li1,91.7700,19.0400,1.799560
_0972_,VPWR,li1,94.7600,24.4800,1.799507
_0971_,VPWR,li1,91.0800,13.6000,1.799554
_0970_,VPWR,li1,98.2100,24.4800,1.799501
_0969_,VPWR,li1,100.9700,13.6000,1.799531
_0968_,VPWR,li1,92.2300,13.6000,1.799554
_0967_,VPWR,li1,104.6500,13.6000,1.799527
_0966_,VPWR,li1,107.1800,19.0400,1.799532
_0965_,VPWR,li1,107.1800,19.0400,1.799532
_0964_,VPWR,li1,109.7100,13.6000,1.799524
_0963_,VPWR,li1,100.5100,40.8000,1.799311
_0962_,VPWR,li1,93.3800,57.1200,1.799241
_0961_,VPWR,li1,95.6800,62.5600,1.799361
_0960_,VPWR,li1,97.2900,57.1200,1.799232
_0959_,VPWR,li1,100.0500,62.5600,1.799355
_0958_,VPWR,li1,93.3800,62.5600,1.799366
_0957_,VPWR,li1,89.4700,62.5600,1.799378
_0956_,VPWR,li1,106.7200,29.9200,1.799310
_0955_,VPWR,li1,112.0100,29.9200,1.799305
_0954_,VPWR,li1,120.9800,84.3200,1.797707
_0953_,VPWR,li1,113.1600,89.7600,1.798313
_0952_,VPWR,li1,110.6300,73.4400,1.798917
_0951_,VPWR,li1,99.5900,73.4400,1.798946
_0950_,VPWR,li1,104.6500,84.3200,1.797719
_0949_,VPWR,li1,108.5600,51.6800,1.799217
_0948_,VPWR,li1,105.3400,51.6800,1.799221
_0947_,VPWR,li1,104.8800,40.8000,1.799305
_0946_,VPWR,li1,107.1800,35.3600,1.799450
_0945_,VPWR,li1,110.6300,40.8000,1.799291
_0944_,VPWR,li1,103.2700,40.8000,1.799305
_0943_,VPWR,li1,108.1000,40.8000,1.799295
_0942_,VPWR,li1,104.1900,40.8000,1.799305
_0941_,VPWR,li1,106.9500,46.2400,1.799204
_0940_,VPWR,li1,111.5500,24.4800,1.799486
_0939_,VPWR,li1,105.3400,29.9200,1.799310
_0938_,VPWR,li1,117.7600,19.0400,1.799523
_0937_,VPWR,li1,115.2300,13.6000,1.799522
_0936_,VPWR,li1,106.7200,13.6000,1.799525
_0935_,VPWR,li1,106.2600,24.4800,1.799493
_0934_,VPWR,li1,111.3200,13.6000,1.799523
_0933_,VPWR,li1,102.1200,13.6000,1.799531
_0932_,VPWR,li1,112.0100,19.0400,1.799526
_0931_,VPWR,li1,111.0900,13.6000,1.799523
_0930_,VPWR,li1,107.6400,29.9200,1.799307
_0929_,VPWR,li1,113.8500,29.9200,1.799304
_0928_,VPWR,li1,102.1200,51.6800,1.799228
_0927_,VPWR,li1,110.6300,89.7600,1.798316
_0926_,VPWR,li1,112.2400,78.8800,1.797604
_0925_,VPWR,li1,109.4800,73.4400,1.798921
_0924_,VPWR,li1,107.6400,68.0000,1.799118
_0923_,VPWR,li1,105.5700,57.1200,1.799203
_0922_,VPWR,li1,104.8800,51.6800,1.799221
_0921_,VPWR,li1,107.6400,51.6800,1.799217
_0920_,VPWR,li1,105.8000,57.1200,1.799203
_0919_,VPWR,li1,110.6300,51.6800,1.799215
_0918_,VPWR,li1,108.7900,62.5600,1.799337
_0917_,VPWR,li1,111.3200,46.2400,1.799191
_0916_,VPWR,li1,111.0900,46.2400,1.799191
_0915_,VPWR,li1,111.5500,51.6800,1.799215
_0914_,VPWR,li1,119.6000,29.9200,1.799303
_0913_,VPWR,li1,110.8600,35.3600,1.799445
_0912_,VPWR,li1,104.1900,29.9200,1.799313
_0911_,VPWR,li1,103.7300,46.2400,1.799211
_0910_,VPWR,li1,106.9500,84.3200,1.797716
_0909_,VPWR,li1,108.5600,78.8800,1.797612
_0908_,VPWR,li1,109.9400,68.0000,1.799111
_0907_,VPWR,li1,102.5800,68.0000,1.799134
_0906_,VPWR,li1,105.3400,62.5600,1.799342
_0905_,VPWR,li1,105.5700,62.5600,1.799342
_0904_,VPWR,li1,107.4100,68.0000,1.799118
_0903_,VPWR,li1,110.4000,62.5600,1.799333
_0902_,VPWR,li1,101.8900,62.5600,1.799349
_0901_,VPWR,li1,102.3500,84.3200,1.797722
_0900_,VPWR,li1,110.1700,78.8800,1.797612
_0899_,VPWR,li1,98.6700,73.4400,1.798946
_0898_,VPWR,li1,105.5700,68.0000,1.799128
_0897_,VPWR,li1,99.1300,84.3200,1.797759
_0896_,VPWR,li1,107.4100,73.4400,1.798925
_0895_,VPWR,li1,23.2300,84.3200,1.799572
_0894_,VPWR,li1,11.2700,78.8800,1.799522
_0893_,VPWR,li1,10.3500,73.4400,1.799782
_0892_,VPWR,li1,7.5900,35.3600,1.799885
_0891_,VPWR,li1,65.5500,46.2400,1.799436
_0890_,VPWR,li1,112.9300,40.8000,1.799286
_0889_,VPWR,li1,114.7700,51.6800,1.799213
_0888_,VPWR,li1,117.0700,51.6800,1.799212
_0887_,VPWR,li1,111.5500,68.0000,1.799111
_0886_,VPWR,li1,12.6500,89.7600,1.799712
_0885_,VPWR,li1,10.5800,116.9600,1.799955
_0884_,VPWR,li1,8.7400,122.4000,1.799817
_0883_,VPWR,li1,10.5800,127.8400,1.799996
_0882_,VPWR,li1,14.0300,111.5200,1.799893
_0881_,VPWR,li1,15.8700,111.5200,1.799893
_0880_,VPWR,li1,16.5600,122.4000,1.799826
_0879_,VPWR,li1,14.4900,116.9600,1.799955
_0878_,VPWR,li1,20.4700,122.4000,1.799835
_0877_,VPWR,li1,19.3200,116.9600,1.799955
_0876_,VPWR,li1,22.3100,116.9600,1.799955
_0875_,VPWR,li1,31.0500,116.9600,1.799917
_0874_,VPWR,li1,28.5200,111.5200,1.799820
_0873_,VPWR,li1,30.1300,116.9600,1.799917
_0872_,VPWR,li1,27.8300,116.9600,1.799929
_0871_,VPWR,li1,33.3500,122.4000,1.799666
_0870_,VPWR,li1,29.6700,127.8400,1.799993
_0869_,VPWR,li1,37.9500,116.9600,1.799881
_0868_,VPWR,li1,33.5800,116.9600,1.799901
_0867_,VPWR,li1,32.8900,127.8400,1.799992
_0866_,VPWR,li1,27.3700,122.4000,1.799760
_0865_,VPWR,li1,45.7700,116.9600,1.799847
_0864_,VPWR,li1,43.0100,127.8400,1.799989
_0863_,VPWR,li1,45.7700,127.8400,1.799988
_0862_,VPWR,li1,53.8200,122.4000,1.799450
_0861_,VPWR,li1,48.0700,127.8400,1.799986
_0860_,VPWR,li1,45.7700,122.4000,1.799525
_0859_,VPWR,li1,57.2700,122.4000,1.799417
_0858_,VPWR,li1,49.9100,116.9600,1.799829
_0857_,VPWR,li1,52.6700,116.9600,1.799817
_0856_,VPWR,li1,59.1100,116.9600,1.799796
_0855_,VPWR,li1,61.1800,122.4000,1.799398
_0854_,VPWR,li1,71.9900,127.8400,1.799979
_0853_,VPWR,li1,66.4700,122.4000,1.799343
_0852_,VPWR,li1,72.2200,116.9600,1.799762
_0851_,VPWR,li1,71.0700,116.9600,1.799762
_0850_,VPWR,li1,68.3100,127.8400,1.799980
_0849_,VPWR,li1,65.5500,116.9600,1.799780
_0848_,VPWR,li1,68.7700,116.9600,1.799769
_0847_,VPWR,li1,78.8900,127.8400,1.799977
_0846_,VPWR,li1,75.2100,116.9600,1.799751
_0845_,VPWR,li1,83.0300,116.9600,1.799729
_0844_,VPWR,li1,85.1000,122.4000,1.799229
_0843_,VPWR,li1,86.7100,116.9600,1.799723
_0842_,VPWR,li1,87.1700,122.4000,1.799219
_0841_,VPWR,li1,89.4700,127.8400,1.799975
_0840_,VPWR,li1,81.1900,111.5200,1.799436
_0839_,VPWR,li1,78.4300,116.9600,1.799742
_0838_,VPWR,li1,81.1900,116.9600,1.799736
_0837_,VPWR,li1,91.5400,116.9600,1.799712
_0836_,VPWR,li1,92.6900,116.9600,1.799709
_0835_,VPWR,li1,24.8400,111.5200,1.799844
_0834_,VPWR,li1,23.9200,116.9600,1.799945
_0833_,VPWR,li1,22.3100,106.0800,1.799622
_0832_,VPWR,li1,25.0700,106.0800,1.799522
_0831_,VPWR,li1,20.2400,106.0800,1.799620
_0830_,VPWR,li1,26.9100,100.6400,1.799940
_0829_,VPWR,li1,16.1000,106.0800,1.799614
_0828_,VPWR,li1,12.6500,106.0800,1.799610
_0827_,VPWR,li1,17.9400,100.6400,1.799955
_0826_,VPWR,li1,20.2400,95.2000,1.799963
_0825_,VPWR,li1,15.4100,100.6400,1.799951
_0824_,VPWR,li1,22.7700,95.2000,1.799953
_0823_,VPWR,li1,12.4200,100.6400,1.799948
_0822_,VPWR,li1,17.4800,95.2000,1.799963
_0821_,VPWR,li1,23.0000,100.6400,1.799950
_0820_,VPWR,li1,21.8500,100.6400,1.799958
_0819_,VPWR,li1,33.8100,100.6400,1.799922
_0818_,VPWR,li1,46.2300,100.6400,1.799889
_0817_,VPWR,li1,38.8700,100.6400,1.799908
_0816_,VPWR,li1,20.0100,106.0800,1.799620
_0815_,VPWR,li1,24.6100,100.6400,1.799950
_0814_,VPWR,li1,35.8800,106.0800,1.799113
_0813_,VPWR,li1,43.2400,111.5200,1.799667
_0812_,VPWR,li1,37.0300,100.6400,1.799914
_0811_,VPWR,li1,39.3300,106.0800,1.799016
_0810_,VPWR,li1,35.1900,95.2000,1.799909
_0809_,VPWR,li1,30.1300,100.6400,1.799935
_0808_,VPWR,li1,36.5700,100.6400,1.799914
_0807_,VPWR,li1,37.7200,111.5200,1.799713
_0806_,VPWR,li1,42.3200,106.0800,1.798932
_0805_,VPWR,li1,42.5500,106.0800,1.798932
_0804_,VPWR,li1,49.4500,100.6400,1.799881
_0803_,VPWR,li1,63.7100,100.6400,1.799848
_0802_,VPWR,li1,55.8900,100.6400,1.799866
_0801_,VPWR,li1,47.3800,95.2000,1.799871
_0800_,VPWR,li1,58.6500,106.0800,1.798534
_0799_,VPWR,li1,39.7900,100.6400,1.799908
_0798_,VPWR,li1,41.6300,100.6400,1.799901
_0797_,VPWR,li1,44.8500,106.0800,1.798874
_0796_,VPWR,li1,52.4400,100.6400,1.799874
_0795_,VPWR,li1,61.8700,111.5200,1.799534
_0794_,VPWR,li1,55.2000,95.2000,1.799844
_0793_,VPWR,li1,52.2100,95.2000,1.799852
_0792_,VPWR,li1,60.7200,106.0800,1.798492
_0791_,VPWR,li1,55.4300,95.2000,1.799844
_0790_,VPWR,li1,49.4500,95.2000,1.799860
_0789_,VPWR,li1,58.8800,111.5200,1.799550
_0788_,VPWR,li1,55.6600,100.6400,1.799866
_0787_,VPWR,li1,64.1700,100.6400,1.799848
_0786_,VPWR,li1,61.4100,106.0800,1.798492
_0785_,VPWR,li1,73.6000,100.6400,1.799829
_0784_,VPWR,li1,58.6500,100.6400,1.799860
_0783_,VPWR,li1,58.6500,95.2000,1.799829
_0782_,VPWR,li1,67.6200,106.0800,1.798387
_0781_,VPWR,li1,64.6300,106.0800,1.798442
_0780_,VPWR,li1,71.9900,95.2000,1.799787
_0779_,VPWR,li1,68.5400,95.2000,1.799798
_0778_,VPWR,li1,71.9900,100.6400,1.799829
_0777_,VPWR,li1,68.7700,100.6400,1.799836
_0776_,VPWR,li1,66.9300,95.2000,1.799806
_0775_,VPWR,li1,75.2100,106.0800,1.798212
_0774_,VPWR,li1,77.9700,100.6400,1.799817
_0773_,VPWR,li1,78.4300,100.6400,1.799817
_0772_,VPWR,li1,78.6600,111.5200,1.799447
_0771_,VPWR,li1,86.0200,100.6400,1.799802
_0770_,VPWR,li1,76.1300,95.2000,1.799780
_0769_,VPWR,li1,81.1900,100.6400,1.799810
_0768_,VPWR,li1,77.5100,95.2000,1.799771
_0767_,VPWR,li1,87.6300,106.0800,1.798042
_0766_,VPWR,li1,88.5500,106.0800,1.798042
_0765_,VPWR,li1,88.3200,111.5200,1.799411
_0764_,VPWR,li1,89.4700,111.5200,1.799411
_0763_,VPWR,li1,91.0800,106.0800,1.798010
_0762_,VPWR,li1,91.3100,111.5200,1.799401
_0761_,VPWR,li1,83.4900,100.6400,1.799806
_0760_,VPWR,li1,85.3300,100.6400,1.799802
_0759_,VPWR,li1,91.5400,111.5200,1.799401
_0758_,VPWR,li1,102.1200,106.0800,1.797965
_0757_,VPWR,li1,92.9200,100.6400,1.799788
_0756_,VPWR,li1,101.4300,106.0800,1.797965
_0755_,VPWR,li1,97.0600,111.5200,1.799388
_0754_,VPWR,li1,103.7300,100.6400,1.799773
_0753_,VPWR,li1,89.4700,100.6400,1.799797
_0752_,VPWR,li1,94.0700,106.0800,1.797984
_0751_,VPWR,li1,89.4700,100.6400,1.799797
_0750_,VPWR,li1,97.0600,100.6400,1.799781
_0749_,VPWR,li1,105.8000,106.0800,1.797964
_0748_,VPWR,li1,107.6400,106.0800,1.797963
_0747_,VPWR,li1,103.7300,106.0800,1.797964
_0746_,VPWR,li1,97.2900,100.6400,1.799781
_0745_,VPWR,li1,94.9900,100.6400,1.799785
_0744_,VPWR,li1,107.1800,100.6400,1.799771
_0743_,VPWR,li1,114.5400,95.2000,1.799681
_0742_,VPWR,li1,109.9400,100.6400,1.799770
_0741_,VPWR,li1,107.4100,95.2000,1.799691
_0740_,VPWR,li1,113.1600,100.6400,1.799769
_0739_,VPWR,li1,117.0700,95.2000,1.799678
_0738_,VPWR,li1,121.2100,100.6400,1.799768
_0737_,VPWR,li1,118.4500,89.7600,1.798306
_0736_,VPWR,li1,113.3900,100.6400,1.799769
_0735_,VPWR,li1,118.2200,100.6400,1.799768
_0734_,VPWR,li1,112.7000,106.0800,1.797963
_0733_,VPWR,li1,109.7100,106.0800,1.797963
_0732_,VPWR,li1,121.4400,111.5200,1.799381
_0731_,VPWR,li1,117.9900,100.6400,1.799768
_0730_,VPWR,li1,115.6900,100.6400,1.799768
_0729_,VPWR,li1,119.3700,111.5200,1.799382
_0728_,VPWR,li1,112.9300,111.5200,1.799382
_0727_,VPWR,li1,116.3800,116.9600,1.799677
_0726_,VPWR,li1,107.6400,111.5200,1.799383
_0725_,VPWR,li1,105.1100,111.5200,1.799384
_0724_,VPWR,li1,106.7200,116.9600,1.799689
_0723_,VPWR,li1,103.2700,116.9600,1.799694
_0722_,VPWR,li1,110.6300,116.9600,1.799684
_0721_,VPWR,li1,110.1700,106.0800,1.797963
_0720_,VPWR,li1,117.5300,111.5200,1.799382
_0719_,VPWR,li1,107.8700,122.4000,1.799155
_0718_,VPWR,li1,110.8600,127.8400,1.799972
_0717_,VPWR,li1,86.4800,111.5200,1.799416
_0716_,VPWR,li1,100.0500,116.9600,1.799698
_0715_,VPWR,li1,97.0600,116.9600,1.799703
_0714_,VPWR,li1,94.9900,116.9600,1.799706
_0713_,VPWR,li1,102.3500,111.5200,1.799385
_0712_,VPWR,li1,106.0300,111.5200,1.799383
_0711_,VPWR,li1,103.7300,127.8400,1.799972
_0710_,VPWR,li1,103.2700,122.4000,1.799163
_0709_,VPWR,li1,105.8000,122.4000,1.799159
_0708_,VPWR,li1,43.4700,84.3200,1.798792
_0707_,VPWR,li1,48.3000,89.7600,1.799126
_0706_,VPWR,li1,10.3500,89.7600,1.799707
_0705_,VPWR,li1,21.3900,89.7600,1.799726
_0704_,VPWR,li1,17.2500,89.7600,1.799719
_0703_,VPWR,li1,100.9700,116.9600,1.799698
_0702_,VPWR,li1,48.0700,111.5200,1.799628
_0701_,VPWR,li1,19.5500,51.6800,1.799863
_0700_,VPWR,li1,23.2300,51.6800,1.799843
_0699_,VPWR,li1,9.4300,35.3600,1.799885
_0698_,VPWR,li1,97.7500,40.8000,1.799318
_0697_,VPWR,li1,9.4300,24.4800,1.799884
_0696_,VPWR,li1,8.5100,24.4800,1.799884
_0695_,VPWR,li1,112.4700,62.5600,1.799330
_0694_,VPWR,li1,110.6300,29.9200,1.799305
_0693_,VPWR,li1,114.7700,24.4800,1.799484
_0692_,VPWR,li1,109.7100,100.6400,1.799770
_0691_,VPWR,li1,86.7100,100.6400,1.799802
_0690_,VPWR,li1,103.7300,106.0800,1.797964
_0689_,VPWR,li1,101.8900,95.2000,1.799706
_0688_,VPWR,li1,90.8500,100.6400,1.799792
_0687_,VPWR,li1,48.9900,95.2000,1.799860
